<?xml version="1.0" encoding="UTF-8"?>
<project-private xmlns="http://www.netbeans.org/ns/project-private/1">
    <editor-bookmarks xmlns="http://www.netbeans.org/ns/editor-bookmarks/2" lastBookmarkId="0"/>
    <open-files xmlns="http://www.netbeans.org/ns/projectui-open-files/2">
        <group>
            <file>file:/mnt/b2c7efbf-ef52-437d-8ca7-e46ea581cbba/Kuliah/UTSpbo/src/utspbo/UTSpbo.java</file>
            <file>file:/mnt/b2c7efbf-ef52-437d-8ca7-e46ea581cbba/Kuliah/UTSpbo/src/utspbo/Kontak.java</file>
            <file>file:/mnt/b2c7efbf-ef52-437d-8ca7-e46ea581cbba/Kuliah/UTSpbo/src/utspbo/KontakAppFrame.java</file>
            <file>file:/mnt/b2c7efbf-ef52-437d-8ca7-e46ea581cbba/Kuliah/UTSpbo/src/utspbo/BukuKontak.java</file>
        </group>
    </open-files>
</project-private>
