-- MySQL dump 10.13  Distrib 5.7.23, for Linux (x86_64)
--
-- Host: 172.104.45.230    Database: admin_basisdata
-- ------------------------------------------------------
-- Server version	5.5.56-MariaDB

/*!40101 SET @OLD_CHARACTER_SET_CLIENT=@@CHARACTER_SET_CLIENT */;
/*!40101 SET @OLD_CHARACTER_SET_RESULTS=@@CHARACTER_SET_RESULTS */;
/*!40101 SET @OLD_COLLATION_CONNECTION=@@COLLATION_CONNECTION */;
/*!40101 SET NAMES utf8 */;
/*!40103 SET @OLD_TIME_ZONE=@@TIME_ZONE */;
/*!40103 SET TIME_ZONE='+00:00' */;
/*!40014 SET @OLD_UNIQUE_CHECKS=@@UNIQUE_CHECKS, UNIQUE_CHECKS=0 */;
/*!40014 SET @OLD_FOREIGN_KEY_CHECKS=@@FOREIGN_KEY_CHECKS, FOREIGN_KEY_CHECKS=0 */;
/*!40101 SET @OLD_SQL_MODE=@@SQL_MODE, SQL_MODE='NO_AUTO_VALUE_ON_ZERO' */;
/*!40111 SET @OLD_SQL_NOTES=@@SQL_NOTES, SQL_NOTES=0 */;

--
-- Table structure for table `BARANG`
--

DROP TABLE IF EXISTS `BARANG`;
/*!40101 SET @saved_cs_client     = @@character_set_client */;
/*!40101 SET character_set_client = utf8 */;
CREATE TABLE `BARANG` (
  `ID_BARANG4` varchar(10) NOT NULL,
  `ID_KATEGORI` varchar(15) DEFAULT NULL,
  `NAMA` varchar(20) NOT NULL,
  `TIPE` varchar(20) NOT NULL,
  `HARGA_JUAL` float(8,2) NOT NULL,
  `HARGA_POKOK` float(8,2) NOT NULL,
  `STOK` int(11) NOT NULL,
  PRIMARY KEY (`ID_BARANG4`),
  KEY `FK_PUNYA` (`ID_KATEGORI`),
  CONSTRAINT `FK_PUNYA` FOREIGN KEY (`ID_KATEGORI`) REFERENCES `KATEGORI` (`ID_KATEGORI`)
) ENGINE=InnoDB DEFAULT CHARSET=utf8;
/*!40101 SET character_set_client = @saved_cs_client */;

--
-- Dumping data for table `BARANG`
--

LOCK TABLES `BARANG` WRITE;
/*!40000 ALTER TABLE `BARANG` DISABLE KEYS */;
INSERT INTO `BARANG` VALUES ('BRG001','KTR001','Vantech','VAF1225',200000.00,190000.00,200),('BRG002','KTR002','Nikon ','D3100',1000000.00,1000000.00,200),('BRG003','KTR002','Canon ','P900',1000000.00,1000000.00,200),('BRG004','KTR003','Kingston ','16GB 3.1',100000.00,90000.00,200),('BRG005','KTR004','Seagate','1tb sata3 - barracud',600000.00,525000.00,200),('BRG006','KTR005','Steelseries','Artics7',1000000.00,1000000.00,200),('BRG007','KTR006','Xbox','XBOX 360',325000.00,300000.00,200),('BRG008','KTR006','Sony','PS4',709000.00,700000.00,200),('BRG009','KTR006','Logitech ','F310',115000.00,100000.00,200),('BRG010','KTR007','Steelseries','Apex M500',700000.00,690000.00,200),('BRG011','KTR008','Msi','X470',1000000.00,1000000.00,200),('BRG012','KTR009','Msi','GL62',1000000.00,1000000.00,200),('BRG013','KTR009','Asus','ROG G703',1000000.00,1000000.00,200),('BRG014','KTR010','SanDisk','32Gb',199000.00,150000.00,200),('BRG015','KTR011','Huawei','E5577',600000.00,545000.00,200),('BRG016','KTR012','Logitech ','B100',80000.00,70000.00,200),('BRG017','KTR020','AMD','Radeon R7',900000.00,800000.00,200),('BRG018','KTR020','ZOTAC - NVIDIA','GTX 1050 ti',1000000.00,1000000.00,200),('BRG019','KTR020','NVDIA','1080 Ti',1000000.00,1000000.00,200),('BRG020','KTR014','AMD','Ryzen 2700x',1000000.00,1000000.00,200),('BRG021','KTR014','Intel','i9 X-series',1000000.00,1000000.00,200),('BRG022','KTR014','Cyrix','Mii',600000.00,500000.00,200),('BRG023','KTR019','Samsung','Kabel Data',10000.00,9000.00,200),('BRG024','KTR019','Lenovo','Kabel Data',11000.00,10000.00,200),('BRG025','KTR019','Vivo','Kabel Data',8000.00,7000.00,200),('BRG026','KTR005','Oppo','Headset',34000.00,30000.00,200),('BRG027','KTR010','Sandisk','Micro SD 32GB',30000.00,28000.00,200),('BRG028','KTR017','Nokia 5310','Smart Phone',370000.00,365000.00,200),('BRG029','KTR009','Hp 14-BS003','Laptop',1000000.00,1000000.00,200),('BRG030','KTR018','Angel','Speaker',130000.00,125000.00,200),('BRG031','KTR003','Toshiba 8 GB','Flaskdisk',47000.00,45000.00,200),('BRG032','KTR017','Sony Xperia ZR','Smart Phone',650000.00,625000.00,200),('BRG033','KTR005','Rexus ','headset',88000.00,85000.00,200),('BRG034','KTR014','Intel core i5 3210','Processor',455000.00,450000.00,200),('BRG035','KTR003','Kington 16 GB','Flaskdisk',29000.00,28000.00,200),('BRG036','KTR017','Xiaomi redmi note 5','Smart Phone',1000000.00,1000000.00,200),('BRG037','KTR011','Smartfren M5','Modem',455000.00,450000.00,200),('BRG038','KTR019','Oppo','Kabel Data',27000.00,25000.00,200),('BRG039','KTR012','Prolink Pmw-6005','Mouse',165000.00,160000.00,200),('BRG040','KTR003','Hp 64 GB','Flasdisk',80000.00,75000.00,200),('BRG041','KTR002','Canon 500D','Camera',1000000.00,1000000.00,200),('BRG042','KTR018','LG','Speaker',255000.00,250000.00,200),('BRG043','KTR015','Mitsubishi','Proyektor',1000000.00,1000000.00,200),('BRG044','KTR001','Casing Oppo F1s','Aksesories',115000.00,110000.00,200),('BRG045','KTR005','Samsung','Headset Bluetooth',450000.00,425000.00,200),('BRG046','KTR010','V-gen','Micro SD 32GB',115000.00,110000.00,200),('BRG047','KTR007','Razer','Keyboard',750000.00,735000.00,200),('BRG048','KTR006','Ucom','Joystick',95000.00,90000.00,200),('BRG049','KTR001','Xiaomi redmi note 5 ','Aksesories',115000.00,105000.00,200),('BRG050','KTR018','Polytron','Speaker',550000.00,500000.00,200);
/*!40000 ALTER TABLE `BARANG` ENABLE KEYS */;
UNLOCK TABLES;

--
-- Table structure for table `DETAIL_PEMBELIAN`
--

DROP TABLE IF EXISTS `DETAIL_PEMBELIAN`;
/*!40101 SET @saved_cs_client     = @@character_set_client */;
/*!40101 SET character_set_client = utf8 */;
CREATE TABLE `DETAIL_PEMBELIAN` (
  `ID_DETL_PEMB` varchar(10) NOT NULL,
  `ID_BARANG4` varchar(10) NOT NULL,
  `ID_PEMBELIAN` varchar(10) NOT NULL,
  `JUMLAH_BARANG` int(11) NOT NULL,
  `DISCOUNT` int(11) NOT NULL,
  `SUB_TOTAL` int(11) NOT NULL,
  PRIMARY KEY (`ID_DETL_PEMB`),
  KEY `FK_RELATIONSHIP_5` (`ID_PEMBELIAN`),
  KEY `FK_RELATIONSHIP_6` (`ID_BARANG4`),
  CONSTRAINT `FK_RELATIONSHIP_5` FOREIGN KEY (`ID_PEMBELIAN`) REFERENCES `PEMBELIAN` (`ID_PEMBELIAN`),
  CONSTRAINT `FK_RELATIONSHIP_6` FOREIGN KEY (`ID_BARANG4`) REFERENCES `BARANG` (`ID_BARANG4`)
) ENGINE=InnoDB DEFAULT CHARSET=utf8;
/*!40101 SET character_set_client = @saved_cs_client */;

--
-- Dumping data for table `DETAIL_PEMBELIAN`
--

LOCK TABLES `DETAIL_PEMBELIAN` WRITE;
/*!40000 ALTER TABLE `DETAIL_PEMBELIAN` DISABLE KEYS */;
INSERT INTO `DETAIL_PEMBELIAN` VALUES ('DTLBL00001','BRG001','PBL0001',1,5,190000),('DTLBL00002','BRG002','PBL0002',3,5,8550000),('DTLBL00003','BRG003','PBL0003',4,10,28440000),('DTLBL00004','BRG004','PBL0004',1,0,100000),('DTLBL00005','BRG005','PBL0005',1,0,600000),('DTLBL00006','BRG006','PBL0006',5,0,11750000),('DTLBL00007','BRG007','PBL0007',9,0,2925000),('DTLBL00008','BRG008','PBL0008',1,0,709000),('DTLBL00009','BRG009','PBL0009',1,5,109250),('DTLBL00010','BRG010','PBL0010',2,5,1330000),('DTLBL00011','BRG011','PBL0011',6,10,17274600),('DTLBL00012','BRG012','PBL0012',7,10,68670000),('DTLBL00013','BRG014','PBL0013',5,10,895500),('DTLBL00014','BRG015','PBL0014',7,10,3780000),('DTLBL00015','BRG016','PBL0015',9,10,648000),('DTLBL00016','BRG017','PBL0016',1,15,765000),('DTLBL00017','BRG018','PBL0017',1,15,1870000),('DTLBL00018','BRG019','PBL0018',2,35,16900000),('DTLBL00019','BRG020','PBL0019',2,15,7650000),('DTLBL00020','BRG022','PBL0020',1,0,600000),('DTLBL00021','BRG023','PBL0021',1,0,10000),('DTLBL00022','BRG024','PBL0022',1,0,11000),('DTLBL00023','BRG025','PBL0023',2,0,16000),('DTLBL00024','BRG026','PBL0024',4,0,136000),('DTLBL00025','BRG027','PBL0025',3,0,90000),('DTLBL00026','BRG028','PBL0026',1,0,370000),('DTLBL00027','BRG029','PBL0027',2,0,6500000),('DTLBL00028','BRG030','PBL0028',2,0,260000),('DTLBL00029','BRG031','PBL0029',2,0,94000),('DTLBL00030','BRG032','PBL0030',1,0,650000),('DTLBL00031','BRG033','PBL0031',1,0,88000),('DTLBL00032','BRG034','PBL0032',3,0,1365000),('DTLBL00033','BRG035','PBL0033',1,0,29000),('DTLBL00034','BRG036','PBL0034',1,5,2945000),('DTLBL00035','BRG037','PBL0035',2,5,864500),('DTLBL00036','BRG038','PBL0036',1,5,25650),('DTLBL00037','BRG039','PBL0037',3,5,470250),('DTLBL00038','BRG040','PBL0038',3,5,228000),('DTLBL00039','BRG041','PBL0039',2,5,3135000),('DTLBL00040','BRG042','PBL0040',4,5,969000),('DTLBL00041','BRG043','PBL0041',2,20,3360000),('DTLBL00042','BRG044','PBL0042',1,15,97750),('DTLBL00043','BRG045','PBL0043',2,20,720000),('DTLBL00044','BRG046','PBL0044',1,15,97750),('DTLBL00045','BRG047','PBL0045',5,5,3562500),('DTLBL00046','BRG048','PBL0046',1,5,90250),('DTLBL00047','BRG049','PBL0047',1,5,109250),('DTLBL00048','BRG050','PBL0048',1,5,522500),('DTLBL00049','BRG001','PBL0049',1,5,190000),('DTLBL00050','BRG002','PBL0050',1,5,2850000),('DTLBL00051','BRG003','PBL0051',2,0,15800000),('DTLBL00052','BRG004','PBL0052',2,0,200000),('DTLBL00053','BRG005','PBL0053',1,0,600000),('DTLBL00054','BRG006','PBL0054',4,0,9400000),('DTLBL00055','BRG007','PBL0055',5,5,1543750),('DTLBL00056','BRG008','PBL0056',1,15,602650),('DTLBL00057','BRG009','PBL0057',2,5,218500),('DTLBL00058','BRG010','PBL0058',1,5,665000),('DTLBL00059','BRG011','PBL0059',1,5,3039050),('DTLBL00060','BRG012','PBL0060',2,0,21800000),('DTLBL00061','BRG014','PBL0061',3,0,597000),('DTLBL00062','BRG015','PBL0062',1,0,600000),('DTLBL00063','BRG016','PBL0063',5,0,400000),('DTLBL00064','BRG017','PBL0064',4,0,3600000),('DTLBL00065','BRG018','PBL0065',1,0,2200000),('DTLBL00066','BRG019','PBL0066',2,0,26000000),('DTLBL00067','BRG020','PBL0067',1,0,4500000),('DTLBL00068','BRG022','PBL0068',3,0,1800000),('DTLBL00069','BRG023','PBL0069',1,0,10000),('DTLBL00070','BRG024','PBL0070',1,0,11000),('DTLBL00071','BRG025','PBL0071',1,0,8000),('DTLBL00072','BRG026','PBL0072',1,0,34000),('DTLBL00073','BRG027','PBL0073',4,0,120000),('DTLBL00074','BRG028','PBL0074',6,5,2109000),('DTLBL00075','BRG029','PBL0075',7,10,20475000),('DTLBL00076','BRG030','PBL0076',9,10,1053000),('DTLBL00077','BRG031','PBL0077',8,10,338400),('DTLBL00078','BRG032','PBL0078',1,5,617500),('DTLBL00079','BRG033','PBL0079',2,5,167200),('DTLBL00080','BRG034','PBL0080',1,5,432250),('DTLBL00081','BRG035','PBL0081',1,5,27550),('DTLBL00082','BRG036','PBL0082',1,5,2945000),('DTLBL00083','BRG037','PBL0083',1,5,432250),('DTLBL00084','BRG038','PBL0084',2,5,51300),('DTLBL00085','BRG039','PBL0085',2,5,313500),('DTLBL00086','BRG040','PBL0086',2,40,96000),('DTLBL00087','BRG041','PBL0087',1,5,1567500),('DTLBL00088','BRG042','PBL0088',2,5,484500),('DTLBL00089','BRG043','PBL0089',2,5,3990000),('DTLBL00090','BRG044','PBL0090',1,5,109250),('DTLBL00091','BRG045','PBL0091',3,5,1282500),('DTLBL00092','BRG046','PBL0092',1,5,109250),('DTLBL00093','BRG047','PBL0093',1,5,712500),('DTLBL00094','BRG048','PBL0094',2,5,180500),('DTLBL00095','BRG049','PBL0095',1,5,109250),('DTLBL00096','BRG050','PBL0096',1,15,467500),('DTLBL00097','BRG001','PBL0097',1,5,190000),('DTLBL00098','BRG002','PBL0098',3,5,8550000),('DTLBL00099','BRG003','PBL0099',1,5,7505000),('DTLBL00100','BRG004','PBL0100',2,5,190000),('DTLBL00101','BRG005','PBL0101',1,5,570000),('DTLBL00102','BRG006','PBL0102',3,5,6697500),('DTLBL00103','BRG007','PBL0103',4,10,1170000),('DTLBL00104','BRG008','PBL0104',2,35,921700),('DTLBL00105','BRG009','PBL0105',1,15,97750),('DTLBL00106','BRG010','PBL0106',5,10,3150000),('DTLBL00107','BRG011','PBL0107',9,10,25911900),('DTLBL00108','BRG012','PBL0108',1,5,10355000),('DTLBL00109','BRG014','PBL0109',1,0,199000),('DTLBL00110','BRG015','PBL0110',2,0,1200000),('DTLBL00111','BRG016','PBL0111',6,0,480000),('DTLBL00112','BRG017','PBL0112',7,0,6300000),('DTLBL00113','BRG018','PBL0113',5,0,11000000),('DTLBL00114','BRG019','PBL0114',7,0,91000000),('DTLBL00115','BRG020','PBL0115',9,0,40500000),('DTLBL00116','BRG022','PBL0116',2,0,1200000),('DTLBL00117','BRG023','PBL0117',1,0,10000),('DTLBL00118','BRG024','PBL0118',2,0,22000),('DTLBL00119','BRG025','PBL0119',1,0,8000),('DTLBL00120','BRG026','PBL0120',1,0,34000),('DTLBL00121','BRG027','PBL0121',1,0,30000),('DTLBL00122','BRG028','PBL0122',1,5,351500),('DTLBL00123','BRG029','PBL0123',2,5,6175000),('DTLBL00124','BRG030','PBL0124',4,10,468000),('DTLBL00125','BRG031','PBL0125',3,10,126900),('DTLBL00126','BRG032','PBL0126',1,5,617500),('DTLBL00127','BRG033','PBL0127',2,5,167200),('DTLBL00128','BRG034','PBL0128',2,5,864500),('DTLBL00129','BRG035','PBL0129',2,5,55100),('DTLBL00130','BRG036','PBL0130',1,5,2945000),('DTLBL00131','BRG037','PBL0131',1,5,432250),('DTLBL00132','BRG038','PBL0132',3,5,76950),('DTLBL00133','BRG039','PBL0133',2,10,297000),('DTLBL00134','BRG040','PBL0134',1,5,76000),('DTLBL00135','BRG041','PBL0135',2,5,3135000),('DTLBL00136','BRG042','PBL0136',1,5,242250),('DTLBL00137','BRG043','PBL0137',3,5,5985000),('DTLBL00138','BRG044','PBL0138',3,5,327750),('DTLBL00139','BRG045','PBL0139',2,5,855000),('DTLBL00140','BRG046','PBL0140',4,5,437000),('DTLBL00141','BRG047','PBL0141',1,20,600000),('DTLBL00142','BRG048','PBL0142',2,15,161500),('DTLBL00143','BRG049','PBL0143',1,20,92000),('DTLBL00144','BRG050','PBL0144',2,15,935000),('DTLBL00145','BRG001','PBL0145',5,5,950000),('DTLBL00146','BRG002','PBL0146',1,5,2850000),('DTLBL00147','BRG003','PBL0147',1,5,7505000),('DTLBL00148','BRG004','PBL0148',1,5,95000),('DTLBL00149','BRG005','PBL0149',1,5,570000),('DTLBL00150','BRG006','PBL0150',1,5,2232500),('DTLBL00151','BRG007','PBL0151',2,5,617500),('DTLBL00152','BRG008','PBL0152',1,35,460850),('DTLBL00153','BRG009','PBL0153',1,5,109250),('DTLBL00154','BRG010','PBL0154',4,5,2660000),('DTLBL00155','BRG011','PBL0155',5,5,15195250),('DTLBL00156','BRG012','PBL0156',2,15,18530000),('DTLBL00157','BRG014','PBL0157',2,5,378100),('DTLBL00158','BRG015','PBL0158',1,5,570000),('DTLBL00159','BRG016','PBL0159',1,5,76000),('DTLBL00160','BRG017','PBL0160',2,5,1710000),('DTLBL00161','BRG018','PBL0161',3,0,6600000),('DTLBL00162','BRG019','PBL0162',1,0,13000000),('DTLBL00163','BRG020','PBL0163',5,0,22500000),('DTLBL00164','BRG022','PBL0164',4,0,2400000),('DTLBL00165','BRG023','PBL0165',1,0,10000),('DTLBL00166','BRG024','PBL0166',2,0,22000),('DTLBL00167','BRG025','PBL0167',1,0,8000),('DTLBL00168','BRG026','PBL0168',3,0,102000),('DTLBL00169','BRG027','PBL0169',1,0,30000),('DTLBL00170','BRG028','PBL0170',1,0,370000),('DTLBL00171','BRG029','PBL0171',1,0,3250000),('DTLBL00172','BRG030','PBL0172',1,0,130000),('DTLBL00173','BRG031','PBL0173',4,5,178600),('DTLBL00174','BRG032','PBL0174',6,5,3705000),('DTLBL00175','BRG033','PBL0175',7,10,554400),('DTLBL00176','BRG034','PBL0176',9,10,3685500),('DTLBL00177','BRG035','PBL0177',8,10,208800),('DTLBL00178','BRG036','PBL0178',1,5,2945000),('DTLBL00179','BRG037','PBL0179',2,5,864500),('DTLBL00180','BRG038','PBL0180',1,5,25650),('DTLBL00181','BRG039','PBL0181',1,5,156750),('DTLBL00182','BRG040','PBL0182',1,5,76000),('DTLBL00183','BRG041','PBL0183',1,5,1567500),('DTLBL00184','BRG042','PBL0184',2,5,484500),('DTLBL00185','BRG043','PBL0185',2,5,3990000),('DTLBL00186','BRG044','PBL0186',1,40,69000),('DTLBL00187','BRG045','PBL0187',1,5,427500),('DTLBL00188','BRG046','PBL0188',2,5,218500),('DTLBL00189','BRG047','PBL0189',2,5,1425000),('DTLBL00190','BRG048','PBL0190',1,5,90250),('DTLBL00191','BRG049','PBL0191',3,5,327750),('DTLBL00192','BRG050','PBL0192',1,5,522500),('DTLBL00193','BRG001','PBL0193',1,5,190000),('DTLBL00194','BRG002','PBL0194',2,5,5700000),('DTLBL00195','BRG003','PBL0195',1,5,7505000),('DTLBL00196','BRG004','PBL0196',2,15,170000),('DTLBL00197','BRG005','PBL0197',1,5,570000),('DTLBL00198','BRG006','PBL0198',3,5,6697500),('DTLBL00199','BRG007','PBL0199',1,5,308750),('DTLBL00200','BRG008','PBL0200',2,5,1347100),('DTLBL00201','BRG009','PBL0201',1,5,109250),('DTLBL00202','BRG010','PBL0202',3,5,1995000),('DTLBL00203','BRG011','PBL0203',4,10,11516400),('DTLBL00204','BRG012','PBL0204',1,35,7085000),('DTLBL00205','BRG014','PBL0205',1,15,169150),('DTLBL00206','BRG015','PBL0206',5,10,2700000),('DTLBL00207','BRG016','PBL0207',9,10,648000),('DTLBL00208','BRG017','PBL0208',1,5,855000),('DTLBL00209','BRG018','PBL0209',1,5,2090000),('DTLBL00210','BRG019','PBL0210',2,5,24700000),('DTLBL00211','BRG020','PBL0211',6,10,24300000),('DTLBL00212','BRG022','PBL0212',7,10,3780000),('DTLBL00213','BRG023','PBL0213',5,10,45000),('DTLBL00214','BRG024','PBL0214',7,10,69300),('DTLBL00215','BRG025','PBL0215',9,10,64800),('DTLBL00216','BRG026','PBL0216',1,15,28900),('DTLBL00217','BRG027','PBL0217',2,15,51000),('DTLBL00218','BRG028','PBL0218',2,0,740000),('DTLBL00219','BRG029','PBL0219',2,0,6500000),('DTLBL00220','BRG030','PBL0220',1,0,130000),('DTLBL00221','BRG031','PBL0221',1,0,47000),('DTLBL00222','BRG032','PBL0222',1,0,650000),('DTLBL00223','BRG033','PBL0223',2,0,176000),('DTLBL00224','BRG034','PBL0224',4,0,1820000),('DTLBL00225','BRG035','PBL0225',3,0,87000),('DTLBL00226','BRG036','PBL0226',1,0,3100000),('DTLBL00227','BRG037','PBL0227',2,5,864500),('DTLBL00228','BRG038','PBL0228',2,5,51300),('DTLBL00229','BRG039','PBL0229',2,5,313500),('DTLBL00230','BRG040','PBL0230',1,5,76000),('DTLBL00231','BRG041','PBL0231',1,5,1567500),('DTLBL00232','BRG042','PBL0232',3,5,726750),('DTLBL00233','BRG043','PBL0233',2,10,3780000),('DTLBL00234','BRG044','PBL0234',1,5,109250),('DTLBL00235','BRG045','PBL0235',2,5,855000),('DTLBL00236','BRG046','PBL0236',1,5,109250),('DTLBL00237','BRG047','PBL0237',3,5,2137500),('DTLBL00238','BRG048','PBL0238',3,5,270750),('DTLBL00239','BRG049','PBL0239',2,5,218500),('DTLBL00240','BRG050','PBL0240',4,5,2090000),('DTLBL00241','BRG001','PBL0241',2,20,320000),('DTLBL00242','BRG002','PBL0242',1,15,2550000),('DTLBL00243','BRG003','PBL0243',1,20,6320000),('DTLBL00244','BRG004','PBL0244',1,15,85000),('DTLBL00245','BRG005','PBL0245',5,5,2850000),('DTLBL00246','BRG006','PBL0246',1,5,2232500),('DTLBL00247','BRG007','PBL0247',1,5,308750),('DTLBL00248','BRG008','PBL0248',1,5,673550),('DTLBL00249','BRG009','PBL0249',1,5,109250),('DTLBL00250','BRG010','PBL0250',1,5,665000),('DTLBL00251','BRG011','PBL0251',2,5,6078100),('DTLBL00252','BRG012','PBL0252',1,35,7085000),('DTLBL00253','BRG014','PBL0253',1,5,189050),('DTLBL00254','BRG015','PBL0254',4,5,2280000),('DTLBL00255','BRG016','PBL0255',5,5,380000),('DTLBL00256','BRG017','PBL0256',2,15,1530000),('DTLBL00257','BRG018','PBL0257',2,5,4180000),('DTLBL00258','BRG019','PBL0258',1,5,12350000),('DTLBL00259','BRG020','PBL0259',1,0,4500000),('DTLBL00260','BRG022','PBL0260',2,0,1200000),('DTLBL00261','BRG023','PBL0261',3,0,30000),('DTLBL00262','BRG024','PBL0262',1,0,11000),('DTLBL00263','BRG025','PBL0263',5,0,40000),('DTLBL00264','BRG026','PBL0264',4,0,136000),('DTLBL00265','BRG027','PBL0265',1,5,28500),('DTLBL00266','BRG028','PBL0266',2,5,703000),('DTLBL00267','BRG029','PBL0267',1,5,3087500),('DTLBL00268','BRG030','PBL0268',3,5,370500),('DTLBL00269','BRG031','PBL0269',1,5,44650),('DTLBL00270','BRG032','PBL0270',1,5,617500),('DTLBL00271','BRG033','PBL0271',1,5,83600),('DTLBL00272','BRG034','PBL0272',1,5,432250),('DTLBL00273','BRG035','PBL0273',4,5,110200),('DTLBL00274','BRG036','PBL0274',6,5,17670000),('DTLBL00275','BRG037','PBL0275',7,10,2866500),('DTLBL00276','BRG038','PBL0276',9,10,218700),('DTLBL00277','BRG039','PBL0277',8,10,1188000),('DTLBL00278','BRG040','PBL0278',1,5,76000),('DTLBL00279','BRG041','PBL0279',2,5,3135000),('DTLBL00280','BRG042','PBL0280',1,5,242250),('DTLBL00281','BRG043','PBL0281',1,5,1995000),('DTLBL00282','BRG044','PBL0282',1,5,109250),('DTLBL00283','BRG045','PBL0283',1,5,427500),('DTLBL00284','BRG046','PBL0284',2,5,218500),('DTLBL00285','BRG047','PBL0285',2,5,1425000),('DTLBL00286','BRG048','PBL0286',2,40,114000),('DTLBL00287','BRG049','PBL0287',1,5,109250),('DTLBL00288','BRG050','PBL0288',2,0,1100000),('DTLBL00289','BRG001','PBL0289',2,0,400000),('DTLBL00290','BRG002','PBL0290',1,0,3000000),('DTLBL00291','BRG003','PBL0291',3,0,23700000),('DTLBL00292','BRG004','PBL0292',1,0,100000),('DTLBL00293','BRG005','PBL0293',1,0,600000),('DTLBL00294','BRG006','PBL0294',2,0,4700000),('DTLBL00295','BRG007','PBL0295',1,0,325000),('DTLBL00296','BRG008','PBL0296',2,0,1418000),('DTLBL00297','BRG009','PBL0297',1,0,115000),('DTLBL00298','BRG010','PBL0298',3,0,2100000),('DTLBL00299','BRG011','PBL0299',1,0,3199000),('DTLBL00300','BRG012','PBL0300',2,0,21800000),('DTLBL00301','BRG014','PBL0301',1,0,199000),('DTLBL00302','BRG015','PBL0302',3,5,1710000),('DTLBL00303','BRG016','PBL0303',4,10,288000),('DTLBL00304','BRG017','PBL0304',2,35,1170000),('DTLBL00305','BRG018','PBL0305',1,15,1870000),('DTLBL00306','BRG019','PBL0306',5,10,58500000),('DTLBL00307','BRG020','PBL0307',9,10,36450000),('DTLBL00308','BRG022','PBL0308',1,5,570000),('DTLBL00309','BRG023','PBL0309',1,5,9500),('DTLBL00310','BRG024','PBL0310',2,5,20900),('DTLBL00311','BRG025','PBL0311',6,10,43200),('DTLBL00312','BRG026','PBL0312',7,10,214200),('DTLBL00313','BRG027','PBL0313',5,10,135000),('DTLBL00314','BRG028','PBL0314',7,10,2331000),('DTLBL00315','BRG029','PBL0315',9,10,26325000),('DTLBL00316','BRG030','PBL0316',1,15,110500),('DTLBL00317','BRG031','PBL0317',1,15,39950),('DTLBL00318','BRG032','PBL0318',2,35,845000),('DTLBL00319','BRG033','PBL0319',2,15,149600),('DTLBL00320','BRG034','PBL0320',1,5,432250),('DTLBL00321','BRG035','PBL0321',1,5,27550),('DTLBL00322','BRG036','PBL0322',1,5,2945000),('DTLBL00323','BRG037','PBL0323',2,5,864500),('DTLBL00324','BRG038','PBL0324',4,10,97200),('DTLBL00325','BRG039','PBL0325',3,0,495000),('DTLBL00326','BRG040','PBL0326',1,0,80000),('DTLBL00327','BRG041','PBL0327',2,0,3300000),('DTLBL00328','BRG042','PBL0328',2,0,510000),('DTLBL00329','BRG043','PBL0329',2,0,4200000),('DTLBL00330','BRG044','PBL0330',1,0,115000),('DTLBL00331','BRG045','PBL0331',1,0,450000),('DTLBL00332','BRG046','PBL0332',3,0,345000),('DTLBL00333','BRG047','PBL0333',2,0,1500000),('DTLBL00334','BRG048','PBL0334',1,0,95000),('DTLBL00335','BRG049','PBL0335',2,0,230000),('DTLBL00336','BRG050','PBL0336',1,0,550000),('DTLBL00337','BRG001','PBL0337',3,0,600000),('DTLBL00338','BRG002','PBL0338',3,0,9000000),('DTLBL00339','BRG003','PBL0339',2,5,15010000),('DTLBL00340','BRG004','PBL0340',4,5,380000),('DTLBL00341','BRG005','PBL0341',1,20,480000),('DTLBL00342','BRG006','PBL0342',1,15,1997500),('DTLBL00343','BRG007','PBL0343',1,20,260000),('DTLBL00344','BRG008','PBL0344',2,15,1205300),('DTLBL00345','BRG009','PBL0345',5,5,546250),('DTLBL00346','BRG010','PBL0346',1,5,665000),('DTLBL00347','BRG011','PBL0347',1,5,3039050),('DTLBL00348','BRG012','PBL0348',1,5,10355000),('DTLBL00349','BRG014','PBL0349',1,5,189050),('DTLBL00350','BRG015','PBL0350',1,5,570000),('DTLBL00351','BRG016','PBL0351',2,5,152000),('DTLBL00352','BRG017','PBL0352',2,35,1170000),('DTLBL00353','BRG018','PBL0353',1,5,2090000),('DTLBL00354','BRG019','PBL0354',4,5,49400000),('DTLBL00355','BRG020','PBL0355',5,5,21375000),('DTLBL00356','BRG022','PBL0356',2,15,1020000),('DTLBL00357','BRG023','PBL0357',2,5,19000),('DTLBL00358','BRG024','PBL0358',1,5,10450),('DTLBL00359','BRG025','PBL0359',1,5,7600),('DTLBL00360','BRG026','PBL0360',2,5,64600),('DTLBL00361','BRG027','PBL0361',3,5,85500),('DTLBL00362','BRG028','PBL0362',1,5,351500),('DTLBL00363','BRG029','PBL0363',5,5,15437500),('DTLBL00364','BRG030','PBL0364',4,5,494000),('DTLBL00365','BRG031','PBL0365',1,5,44650),('DTLBL00366','BRG032','PBL0366',2,5,1235000),('DTLBL00367','BRG033','PBL0367',1,5,83600),('DTLBL00368','BRG034','PBL0368',3,5,1296750),('DTLBL00369','BRG035','PBL0369',1,5,27550),('DTLBL00370','BRG036','PBL0370',1,5,2945000),('DTLBL00371','BRG037','PBL0371',1,5,432250),('DTLBL00372','BRG038','PBL0372',1,5,25650),('DTLBL00373','BRG039','PBL0373',4,5,627000),('DTLBL00374','BRG040','PBL0374',6,5,456000),('DTLBL00375','BRG041','PBL0375',7,0,11550000),('DTLBL00376','BRG042','PBL0376',9,0,2295000),('DTLBL00377','BRG043','PBL0377',8,0,16800000),('DTLBL00378','BRG044','PBL0378',1,0,115000),('DTLBL00379','BRG045','PBL0379',2,0,900000),('DTLBL00380','BRG046','PBL0380',1,0,115000),('DTLBL00381','BRG047','PBL0381',1,0,750000),('DTLBL00382','BRG048','PBL0382',1,0,95000),('DTLBL00383','BRG049','PBL0383',1,0,115000),('DTLBL00384','BRG050','PBL0384',2,0,1100000),('DTLBL00385','BRG001','PBL0385',2,0,400000),('DTLBL00386','BRG002','PBL0386',1,0,3000000),('DTLBL00387','BRG003','PBL0387',1,0,7900000),('DTLBL00388','BRG004','PBL0388',2,0,200000),('DTLBL00389','BRG005','PBL0389',2,5,1140000),('DTLBL00390','BRG006','PBL0390',1,5,2232500),('DTLBL00391','BRG007','PBL0391',3,5,926250),('DTLBL00392','BRG008','PBL0392',1,5,673550),('DTLBL00393','BRG009','PBL0393',1,5,109250),('DTLBL00394','BRG010','PBL0394',2,5,1330000),('DTLBL00395','BRG011','PBL0395',1,5,3039050),('DTLBL00396','BRG012','PBL0396',1,15,9265000),('DTLBL00397','BRG014','PBL0397',1,5,189050),('DTLBL00398','BRG015','PBL0398',3,5,1710000),('DTLBL00399','BRG016','PBL0399',1,5,76000),('DTLBL00400','BRG017','PBL0400',2,5,1710000),('DTLBL00401','BRG018','PBL0401',1,5,2090000),('DTLBL00402','BRG019','PBL0402',3,5,37050000),('DTLBL00403','BRG020','PBL0403',4,10,16200000),('DTLBL00404','BRG022','PBL0404',1,35,390000),('DTLBL00405','BRG023','PBL0405',1,15,8500),('DTLBL00406','BRG024','PBL0406',5,10,49500),('DTLBL00407','BRG025','PBL0407',9,10,64800),('DTLBL00408','BRG026','PBL0408',1,5,32300),('DTLBL00409','BRG027','PBL0409',1,5,28500),('DTLBL00410','BRG028','PBL0410',2,5,703000),('DTLBL00411','BRG029','PBL0411',6,10,17550000),('DTLBL00412','BRG030','PBL0412',7,10,819000),('DTLBL00413','BRG031','PBL0413',5,10,211500),('DTLBL00414','BRG032','PBL0414',7,10,4095000),('DTLBL00415','BRG033','PBL0415',9,10,712800),('DTLBL00416','BRG034','PBL0416',2,15,773500),('DTLBL00417','BRG035','PBL0417',2,15,49300),('DTLBL00418','BRG036','PBL0418',2,35,4030000),('DTLBL00419','BRG037','PBL0419',1,0,455000),('DTLBL00420','BRG038','PBL0420',1,0,27000),('DTLBL00421','BRG039','PBL0421',1,0,165000),('DTLBL00422','BRG040','PBL0422',1,0,80000),('DTLBL00423','BRG041','PBL0423',2,0,3300000),('DTLBL00424','BRG042','PBL0424',4,0,1020000),('DTLBL00425','BRG043','PBL0425',3,0,6300000),('DTLBL00426','BRG044','PBL0426',1,0,115000),('DTLBL00427','BRG045','PBL0427',2,0,900000),('DTLBL00428','BRG046','PBL0428',2,0,230000),('DTLBL00429','BRG047','PBL0429',2,0,1500000),('DTLBL00430','BRG048','PBL0430',1,0,95000),('DTLBL00431','BRG049','PBL0431',1,0,115000),('DTLBL00432','BRG050','PBL0432',3,0,1650000),('DTLBL00433','BRG001','PBL0433',1,10,180000),('DTLBL00434','BRG002','PBL0434',1,5,2850000),('DTLBL00435','BRG003','PBL0435',2,5,15010000),('DTLBL00436','BRG004','PBL0436',1,5,95000),('DTLBL00437','BRG005','PBL0437',3,5,1710000),('DTLBL00438','BRG006','PBL0438',3,5,6697500),('DTLBL00439','BRG007','PBL0439',2,5,617500),('DTLBL00440','BRG008','PBL0440',4,5,2694200),('DTLBL00441','BRG009','PBL0441',1,20,92000),('DTLBL00442','BRG010','PBL0442',1,15,595000),('DTLBL00443','BRG011','PBL0443',2,20,5118400),('DTLBL00444','BRG012','PBL0444',2,15,18530000),('DTLBL00445','BRG014','PBL0445',5,5,945250),('DTLBL00446','BRG015','PBL0446',1,5,570000),('DTLBL00447','BRG016','PBL0447',1,5,76000),('DTLBL00448','BRG017','PBL0448',1,5,855000),('DTLBL00449','BRG018','PBL0449',1,5,2090000),('DTLBL00450','BRG019','PBL0450',1,5,12350000),('DTLBL00451','BRG020','PBL0451',2,5,8550000),('DTLBL00452','BRG022','PBL0452',2,35,780000),('DTLBL00453','BRG023','PBL0453',1,5,9500),('DTLBL00454','BRG024','PBL0454',4,5,41800),('DTLBL00455','BRG025','PBL0455',5,5,38000),('DTLBL00456','BRG026','PBL0456',1,15,28900),('DTLBL00457','BRG027','PBL0457',2,5,57000),('DTLBL00458','BRG028','PBL0458',1,5,351500),('DTLBL00459','BRG029','PBL0459',1,5,3087500),('DTLBL00460','BRG030','PBL0460',2,5,247000),('DTLBL00461','BRG031','PBL0461',3,5,133950),('DTLBL00462','BRG032','PBL0462',1,5,617500),('DTLBL00463','BRG033','PBL0463',5,5,418000),('DTLBL00464','BRG034','PBL0464',4,5,1729000),('DTLBL00465','BRG035','PBL0465',1,5,27550),('DTLBL00466','BRG036','PBL0466',2,0,6200000),('DTLBL00467','BRG037','PBL0467',1,0,455000),('DTLBL00468','BRG038','PBL0468',3,0,81000),('DTLBL00469','BRG039','PBL0469',1,0,165000),('DTLBL00470','BRG040','PBL0470',1,5,76000),('DTLBL00471','BRG041','PBL0471',1,5,1567500),('DTLBL00472','BRG042','PBL0472',1,5,242250),('DTLBL00473','BRG043','PBL0473',4,5,7980000),('DTLBL00474','BRG044','PBL0474',6,5,655500),('DTLBL00475','BRG045','PBL0475',7,10,2835000),('DTLBL00476','BRG046','PBL0476',9,10,931500),('DTLBL00477','BRG047','PBL0477',8,10,5400000),('DTLBL00478','BRG048','PBL0478',1,5,90250),('DTLBL00479','BRG049','PBL0479',2,5,218500),('DTLBL00480','BRG050','PBL0480',1,5,522500),('DTLBL00481','BRG001','PBL0481',1,5,190000),('DTLBL00482','BRG002','PBL0482',1,5,2850000),('DTLBL00483','BRG003','PBL0483',1,5,7505000),('DTLBL00484','BRG004','PBL0484',2,5,190000),('DTLBL00485','BRG005','PBL0485',2,5,1140000),('DTLBL00486','BRG006','PBL0486',1,40,1410000),('DTLBL00487','BRG007','PBL0487',1,5,308750),('DTLBL00488','BRG008','PBL0488',2,5,1347100),('DTLBL00489','BRG009','PBL0489',2,5,218500),('DTLBL00490','BRG010','PBL0490',1,5,665000),('DTLBL00491','BRG011','PBL0491',3,5,9117150),('DTLBL00492','BRG012','PBL0492',1,5,10355000),('DTLBL00493','BRG014','PBL0493',1,5,189050),('DTLBL00494','BRG015','PBL0494',2,5,1140000),('DTLBL00495','BRG016','PBL0495',1,0,80000),('DTLBL00496','BRG017','PBL0496',2,0,1800000),('DTLBL00497','BRG018','PBL0497',1,0,2200000),('DTLBL00498','BRG019','PBL0498',3,0,39000000),('DTLBL00499','BRG020','PBL0499',1,5,4275000),('DTLBL00500','BRG022','PBL0500',2,5,1140000);
/*!40000 ALTER TABLE `DETAIL_PEMBELIAN` ENABLE KEYS */;
UNLOCK TABLES;

--
-- Table structure for table `KARYAWAN`
--

DROP TABLE IF EXISTS `KARYAWAN`;
/*!40101 SET @saved_cs_client     = @@character_set_client */;
/*!40101 SET character_set_client = utf8 */;
CREATE TABLE `KARYAWAN` (
  `ID_KARYAWAN` varchar(10) NOT NULL,
  `ID_TOKO` varchar(10) NOT NULL,
  `KAR_ID_KARYAWAN` varchar(10) DEFAULT NULL,
  `NAMA_KARYAWAN` varchar(25) DEFAULT NULL,
  `EMAIL` varchar(15) DEFAULT NULL,
  `NO_TELFON` varchar(15) DEFAULT NULL,
  PRIMARY KEY (`ID_KARYAWAN`),
  KEY `FK_KERJA` (`ID_TOKO`),
  CONSTRAINT `FK_KERJA` FOREIGN KEY (`ID_TOKO`) REFERENCES `TOKO` (`ID_TOKO`)
) ENGINE=InnoDB DEFAULT CHARSET=utf8;
/*!40101 SET character_set_client = @saved_cs_client */;

--
-- Dumping data for table `KARYAWAN`
--

LOCK TABLES `KARYAWAN` WRITE;
/*!40000 ALTER TABLE `KARYAWAN` DISABLE KEYS */;
INSERT INTO `KARYAWAN` VALUES ('KR002','TK07','','Ahmad','ahmad@gmail.com','81233445567'),('KR003','TK08','','Sarah','sarah@gmail.com','81233445568'),('KR004','TK09','','Akbar ','akbar@gmail.com','81233445569'),('KR005','TK10','','Agus','agus@gmail.com','81233445570'),('KR006','TK11','','Bowo','bowo@gmail.com','81233445571'),('KR007','TK12','','Sholeh','sholeh@gmail.co','81233445572'),('KR008','TK07','','Roy','Roy@gmail.com','81233445573'),('KR009','TK08','','Martin','Martin@gmail.co','81233445574'),('KR010','TK09','','Gading','Gading@gmail.co','81233445575'),('KR011','TK10','','Murni','Murni@gmail.com','81233445576'),('KR012','TK11','','Paijo','Paijo@gmail.com','81233445577'),('KR013','TK12','','Jhonson','Jhonson@gmail.c','81233445578'),('KR014','TK07','','Miya','Miya@gmail.com','81233445579'),('KR015','TK08','','Alucard','Alucard@gmail.c','81233445580'),('KR016','TK09','','Mulyani','Mulyani@gmail.c','81233445581'),('KR017','TK10','','Natalia','Natalia@gmail.c','81233445582'),('KR018','TK11','','Karina','Karina@gmail.co','81233445583'),('KR019','TK12','','Prabowo','Prabowo@gmail.c','81233445584'),('KR020','TK07','','Joko','Joko@gmail.com','81233445585'),('KR021','TK08','','Totok','Totok@gmail.com','81233445586'),('KR022','TK09','','Diah','Diah@gmail.com','81233445587'),('KR023','TK10','','Mega','Mega@gmail.com','81233445588'),('KR024','TK11','','Wati','Wati@gmail.com','81233445589'),('KR025','TK12','','Indah','Indah@gmail.com','81233445590'),('KR026','TK07','','Dwi','Dwi@gmail.com','81233445591'),('KR027','TK08','','Pertiwi','Pertiwi@gmail.c','81233445592'),('KR028','TK09','','Eka','Eka@gmail.com','81233445593'),('KR029','TK10','','Mahendra','Mahendra@gmail.','81233445594'),('KR030','TK11','','Suyitno','Suyitno@gmail.c','81233445595');
/*!40000 ALTER TABLE `KARYAWAN` ENABLE KEYS */;
UNLOCK TABLES;

--
-- Table structure for table `KATEGORI`
--

DROP TABLE IF EXISTS `KATEGORI`;
/*!40101 SET @saved_cs_client     = @@character_set_client */;
/*!40101 SET character_set_client = utf8 */;
CREATE TABLE `KATEGORI` (
  `ID_KATEGORI` varchar(15) NOT NULL,
  `NAMA_KATEGORI` varchar(25) NOT NULL,
  PRIMARY KEY (`ID_KATEGORI`)
) ENGINE=InnoDB DEFAULT CHARSET=utf8;
/*!40101 SET character_set_client = @saved_cs_client */;

--
-- Dumping data for table `KATEGORI`
--

LOCK TABLES `KATEGORI` WRITE;
/*!40000 ALTER TABLE `KATEGORI` DISABLE KEYS */;
INSERT INTO `KATEGORI` VALUES ('KTR001','AKSESORIS'),('KTR002','CAMERA'),('KTR003','FLASHDISK'),('KTR004','HARDDISK'),('KTR005','HEADSET'),('KTR006','JOYSTICK'),('KTR007','KEYBOARD'),('KTR008','KOMPUTER'),('KTR009','LAPTOP'),('KTR010','MICRO SD'),('KTR011','MODEM'),('KTR012','MOUSE'),('KTR013','PRINTER'),('KTR014','PROCESSOR'),('KTR015','PROYEKTOR'),('KTR016','SCANNER'),('KTR017','SMARTPHONE'),('KTR018','SPEAKER'),('KTR019','USB'),('KTR020','VGA CARD');
/*!40000 ALTER TABLE `KATEGORI` ENABLE KEYS */;
UNLOCK TABLES;

--
-- Table structure for table `METODE_PEMBAYARAN`
--

DROP TABLE IF EXISTS `METODE_PEMBAYARAN`;
/*!40101 SET @saved_cs_client     = @@character_set_client */;
/*!40101 SET character_set_client = utf8 */;
CREATE TABLE `METODE_PEMBAYARAN` (
  `ID_PEMBAYARAN` varchar(25) NOT NULL,
  `NAMA_METODE_PEMBAYARAN` varchar(25) NOT NULL,
  PRIMARY KEY (`ID_PEMBAYARAN`)
) ENGINE=InnoDB DEFAULT CHARSET=utf8;
/*!40101 SET character_set_client = @saved_cs_client */;

--
-- Dumping data for table `METODE_PEMBAYARAN`
--

LOCK TABLES `METODE_PEMBAYARAN` WRITE;
/*!40000 ALTER TABLE `METODE_PEMBAYARAN` DISABLE KEYS */;
INSERT INTO `METODE_PEMBAYARAN` VALUES ('MTDBY001','Kartu kredit/debit online'),('MTDBY002','Tokopay'),('MTDBY003','Transfer Bank'),('MTDBY004','Indomart'),('MTDBY005','Alfamart'),('MTDBY006','Alfamidi'),('MTDBY007','VISA'),('MTDBY008','Master Card'),('MTDBY009','Cash on Delivery'),('MTDBY010','PayPal');
/*!40000 ALTER TABLE `METODE_PEMBAYARAN` ENABLE KEYS */;
UNLOCK TABLES;

--
-- Table structure for table `METODE_PENGIRIMAN`
--

DROP TABLE IF EXISTS `METODE_PENGIRIMAN`;
/*!40101 SET @saved_cs_client     = @@character_set_client */;
/*!40101 SET character_set_client = utf8 */;
CREATE TABLE `METODE_PENGIRIMAN` (
  `ID_PENGIRIMAN` varchar(25) NOT NULL,
  `NAMA_METODE_PENGIRIMAN` varchar(25) DEFAULT NULL,
  PRIMARY KEY (`ID_PENGIRIMAN`)
) ENGINE=InnoDB DEFAULT CHARSET=utf8;
/*!40101 SET character_set_client = @saved_cs_client */;

--
-- Dumping data for table `METODE_PENGIRIMAN`
--

LOCK TABLES `METODE_PENGIRIMAN` WRITE;
/*!40000 ALTER TABLE `METODE_PENGIRIMAN` DISABLE KEYS */;
INSERT INTO `METODE_PENGIRIMAN` VALUES ('PNR180001','Pengambilan Langsung'),('PNR180002','Pengiriman Langsung'),('PNR180003','Reguler'),('PNR180004','Kilat'),('PNR180005','ONS'),('PNR180006','Merpati');
/*!40000 ALTER TABLE `METODE_PENGIRIMAN` ENABLE KEYS */;
UNLOCK TABLES;

--
-- Table structure for table `PELANGGAN`
--

DROP TABLE IF EXISTS `PELANGGAN`;
/*!40101 SET @saved_cs_client     = @@character_set_client */;
/*!40101 SET character_set_client = utf8 */;
CREATE TABLE `PELANGGAN` (
  `ID_PELANGGAN2` varchar(10) NOT NULL,
  `NAMA_PELANGGAN` varchar(50) NOT NULL,
  `USERNAME_PELANGGAN` varchar(20) NOT NULL,
  `PASSWORD_PELANGGAN` varchar(25) NOT NULL,
  `TANGGAL_LAHIR` date NOT NULL,
  `JENIS_KELAMIN` varchar(1) NOT NULL,
  `NOMOR_TELEPON_TOKO` decimal(20,0) NOT NULL,
  `E_MAIL` varchar(200) NOT NULL,
  `ALAMAT_PELANGGAN` varchar(200) NOT NULL,
  `KOTA___PELANGGAN` varchar(25) NOT NULL,
  PRIMARY KEY (`ID_PELANGGAN2`)
) ENGINE=InnoDB DEFAULT CHARSET=utf8;
/*!40101 SET character_set_client = @saved_cs_client */;

--
-- Dumping data for table `PELANGGAN`
--

LOCK TABLES `PELANGGAN` WRITE;
/*!40000 ALTER TABLE `PELANGGAN` DISABLE KEYS */;
INSERT INTO `PELANGGAN` VALUES ('PL001','ijul','ijul24','ijul11','1999-02-02','L',81123456789,'ijul@gmail','jl denpasar no 5','Jakarta'),('PL002','yoga','yoga66','yogaa','1970-03-06','L',85987654321,'yoga@gmail.com','jl ijen no 1','Jakarta'),('PL003','rin','rinkin','rin123','1980-11-07','P',83678901234,'rin@yahoo.com','jl singaraja no 9','Jakarta'),('PL004','andi','andiii','andibuz','1998-05-20','L',85123459876,'andi@yahoo.com','jl bromo no 33','Jakarta'),('PL005','setiawan','wawan','setiawan16','2000-01-03','L',81678943210,'setiawan88@gmail.com','jl candi no 55','Jakarta'),('PL006','aziz','aziz77','aziz10','1998-02-09','L',87124361567,'aziz@Gmail.com','jl semeru no 99','Malang'),('PL007','belinda','belbel','belinda98','1997-07-06','P',81678943210,'belinda6@yahoo.co.id','jl prabu no 11','Malang'),('PL008','juminten','jumintennn','jumjum998','1999-06-18','P',85987654321,'jumjum@Gmail.com','jl galunggung no 97','Malang'),('PL009','gilbert','gill','gilbert','1997-05-09','L',81123456789,'gill@yahoo.com','jl bandung no 44','Malang'),('PL010','axel','axe','axeblood','1987-07-03','L',85987654321,'axe@gmail.com','jl kemerdekaan no 9','Malang'),('PL011','ibnu','ibnuu','ib12','1978-05-03','L',81678943210,'ibnu@Gmail.com','jl prabu no 12','Surabaya'),('PL012','masrud','masrud11','masrud17','1998-06-17','L',83678901234,'masrud@Gmail.com','jl denpasar no 7','Surabaya'),('PL013','gilang','gilanggg','gilll12','1998-07-03','L',81123456789,'gilang@yahoo.com','jl denpasar no 10','Surabaya'),('PL014','fery','ferdinan','ferr7','1990-04-03','L',81678943210,'fey@Gmail.com','jl prabu no 11','Surabaya'),('PL015','wawab','waaa','w99','1998-05-01','L',81123456789,'wawan@Gmail.com','jl semangka no 99','Surabaya'),('PL016','paujul','pujul98','punjul66','1899-12-31','L',82144462645,'paujul@yahoo.com','jl gurami no 03','Solo'),('PL017','medik','mediksku','Medik098','1900-02-24','L',85646312646,'medik98@Gmail.com','jl ikankakap no 15','Solo'),('PL018','prenk','prenklin','Prenklin77','1950-01-11','L',81234334379,'prenklin@yahoo.com','jl bakso no 24','Solo'),('PL019','temon','temon90','Montemon2','1997-09-26','L',89536489654,'temon2@Gmail','jl dinaya no 6','Solo'),('PL020','lambskay','lambe','lambemu33','2005-06-09','L',81753695421,'lambee33@Gmail.com','jl wage no 13','Solo'),('PL021','makki','makki21','makleren56','1986-04-15','P',87989464131,'makleren09@yahoo.com','jl sumber no 5','Yogyakarta'),('PL022','doyok','wakdoyok','Doyok343','1992-05-27','L',89864215348,'wadoyok@Gmail.com','jl H.omo no 8','Yogyakarta'),('PL023','apep','apeptelle','Apeple001','1989-06-16','L',81328745622,'apep01@Gmail','jl kalimaya no18','Yogyakarta'),('PL024','mbonsky','mbontole','Tolle76','1996-06-06','L',85213647964,'mbonsky@yahoo.com','jl gatot no 20','Yogyakarta'),('PL025','fadhil','fadheli','fadelay81','1990-01-24','L',82165445511,'fadheli81@Gmail.com','jl trikora no 4','Yogyakarta'),('PL026','ria','riacantik','Riacan59','2000-03-07','P',89678829361,'ria@Gmail','jl tagulamgin no 14','Bandung'),('PL027','dodotasoy','dodot','dodotasoygeboy','1985-08-16','L',87992277883,'dodot54@Gmail.com','jl somba opu no 35','Bandung'),('PL028','icun','icun44','icuna39','1994-07-30','P',85631002163,'icuna@yahoo.com','jl gang lombok no 52','Bandung'),('PL029','reo','reareo','Reneo646','1992-02-02','L',81477003214,'reo6646@Gmail.com','jl cihampelas no 87','Bandung'),('PL030','junet','junaidi','Junett34','1981-12-12','L',87001003009,'junaidi@yahoo.com','jl tujungan no 100','Bandung');
/*!40000 ALTER TABLE `PELANGGAN` ENABLE KEYS */;
UNLOCK TABLES;

--
-- Table structure for table `PEMBELIAN`
--

DROP TABLE IF EXISTS `PEMBELIAN`;
/*!40101 SET @saved_cs_client     = @@character_set_client */;
/*!40101 SET character_set_client = utf8 */;
CREATE TABLE `PEMBELIAN` (
  `ID_PEMBELIAN` varchar(10) NOT NULL,
  `ID_PELANGGAN2` varchar(10) DEFAULT NULL,
  `ID_KARYAWAN` varchar(10) NOT NULL,
  `ID_PEMBAYARAN` varchar(25) DEFAULT NULL,
  `ID_PENGIRIMAN` varchar(25) DEFAULT NULL,
  `TANGGAL` date NOT NULL,
  PRIMARY KEY (`ID_PEMBELIAN`),
  KEY `FK_BELI` (`ID_PELANGGAN2`),
  KEY `FK_MELAYANI` (`ID_KARYAWAN`),
  KEY `FK_RELATIONSHIP_11` (`ID_PENGIRIMAN`),
  KEY `FK_RELATIONSHIP_12` (`ID_PEMBAYARAN`),
  CONSTRAINT `FK_BELI` FOREIGN KEY (`ID_PELANGGAN2`) REFERENCES `PELANGGAN` (`ID_PELANGGAN2`),
  CONSTRAINT `FK_MELAYANI` FOREIGN KEY (`ID_KARYAWAN`) REFERENCES `KARYAWAN` (`ID_KARYAWAN`),
  CONSTRAINT `FK_RELATIONSHIP_11` FOREIGN KEY (`ID_PENGIRIMAN`) REFERENCES `METODE_PENGIRIMAN` (`ID_PENGIRIMAN`),
  CONSTRAINT `FK_RELATIONSHIP_12` FOREIGN KEY (`ID_PEMBAYARAN`) REFERENCES `METODE_PEMBAYARAN` (`ID_PEMBAYARAN`)
) ENGINE=InnoDB DEFAULT CHARSET=utf8;
/*!40101 SET character_set_client = @saved_cs_client */;

--
-- Dumping data for table `PEMBELIAN`
--

LOCK TABLES `PEMBELIAN` WRITE;
/*!40000 ALTER TABLE `PEMBELIAN` DISABLE KEYS */;
INSERT INTO `PEMBELIAN` VALUES ('PBL0001','PL001','KR002','MTDBY001','PNR180001','2018-04-01'),('PBL0002','PL002','KR003','MTDBY002','PNR180002','2018-04-01'),('PBL0003','PL003','KR004','MTDBY003','PNR180003','2018-04-01'),('PBL0004','PL004','KR005','MTDBY004','PNR180004','2018-04-01'),('PBL0005','PL005','KR006','MTDBY005','PNR180005','2018-04-01'),('PBL0006','PL006','KR007','MTDBY001','PNR180001','2018-04-01'),('PBL0007','PL007','KR002','MTDBY002','PNR180002','2018-04-01'),('PBL0008','PL008','KR003','MTDBY003','PNR180003','2018-04-01'),('PBL0009','PL009','KR004','MTDBY004','PNR180004','2018-04-01'),('PBL0010','PL010','KR005','MTDBY005','PNR180005','2018-04-01'),('PBL0011','PL011','KR006','MTDBY001','PNR180001','2018-04-01'),('PBL0012','PL012','KR007','MTDBY002','PNR180002','2018-04-01'),('PBL0013','PL013','KR002','MTDBY003','PNR180003','2018-04-01'),('PBL0014','PL014','KR003','MTDBY004','PNR180004','2018-04-01'),('PBL0015','PL015','KR004','MTDBY005','PNR180005','2018-04-01'),('PBL0016','PL001','KR005','MTDBY001','PNR180001','2018-04-01'),('PBL0017','PL002','KR006','MTDBY002','PNR180002','2018-04-01'),('PBL0018','PL003','KR007','MTDBY003','PNR180003','2018-04-01'),('PBL0019','PL004','KR002','MTDBY004','PNR180004','2018-04-01'),('PBL0020','PL005','KR003','MTDBY005','PNR180005','2018-04-02'),('PBL0021','PL006','KR004','MTDBY001','PNR180001','2018-04-02'),('PBL0022','PL007','KR005','MTDBY002','PNR180002','2018-04-02'),('PBL0023','PL008','KR006','MTDBY003','PNR180003','2018-04-02'),('PBL0024','PL009','KR007','MTDBY004','PNR180004','2018-04-02'),('PBL0025','PL010','KR002','MTDBY005','PNR180005','2018-04-02'),('PBL0026','PL011','KR003','MTDBY001','PNR180001','2018-04-02'),('PBL0027','PL012','KR004','MTDBY002','PNR180002','2018-04-02'),('PBL0028','PL013','KR005','MTDBY003','PNR180003','2018-04-02'),('PBL0029','PL014','KR006','MTDBY004','PNR180004','2018-04-02'),('PBL0030','PL015','KR007','MTDBY005','PNR180005','2018-04-02'),('PBL0031','PL001','KR002','MTDBY001','PNR180001','2018-04-02'),('PBL0032','PL002','KR003','MTDBY002','PNR180002','2018-04-02'),('PBL0033','PL003','KR004','MTDBY003','PNR180003','2018-04-02'),('PBL0034','PL004','KR005','MTDBY004','PNR180004','2018-04-02'),('PBL0035','PL005','KR006','MTDBY005','PNR180005','2018-04-02'),('PBL0036','PL006','KR007','MTDBY001','PNR180001','2018-04-02'),('PBL0037','PL007','KR002','MTDBY002','PNR180002','2018-04-02'),('PBL0038','PL008','KR003','MTDBY003','PNR180003','2018-04-02'),('PBL0039','PL009','KR004','MTDBY004','PNR180004','2018-04-02'),('PBL0040','PL010','KR005','MTDBY005','PNR180005','2018-04-02'),('PBL0041','PL011','KR006','MTDBY001','PNR180001','2018-04-03'),('PBL0042','PL012','KR007','MTDBY002','PNR180002','2018-04-03'),('PBL0043','PL013','KR002','MTDBY003','PNR180003','2018-04-03'),('PBL0044','PL014','KR003','MTDBY004','PNR180004','2018-04-03'),('PBL0045','PL015','KR004','MTDBY005','PNR180005','2018-04-03'),('PBL0046','PL001','KR005','MTDBY001','PNR180001','2018-04-03'),('PBL0047','PL002','KR006','MTDBY002','PNR180002','2018-04-03'),('PBL0048','PL003','KR007','MTDBY003','PNR180003','2018-04-03'),('PBL0049','PL004','KR002','MTDBY004','PNR180004','2018-04-03'),('PBL0050','PL005','KR003','MTDBY005','PNR180005','2018-04-03'),('PBL0051','PL001','KR002','MTDBY001','PNR180001','2018-04-03'),('PBL0052','PL002','KR003','MTDBY002','PNR180002','2018-04-03'),('PBL0053','PL003','KR004','MTDBY003','PNR180003','2018-04-03'),('PBL0054','PL004','KR005','MTDBY004','PNR180004','2018-04-03'),('PBL0055','PL005','KR006','MTDBY005','PNR180005','2018-04-03'),('PBL0056','PL006','KR007','MTDBY001','PNR180001','2018-04-03'),('PBL0057','PL007','KR002','MTDBY002','PNR180002','2018-04-03'),('PBL0058','PL008','KR003','MTDBY003','PNR180003','2018-04-03'),('PBL0059','PL009','KR004','MTDBY004','PNR180004','2018-04-03'),('PBL0060','PL010','KR005','MTDBY005','PNR180005','2018-04-03'),('PBL0061','PL011','KR006','MTDBY001','PNR180001','2018-04-04'),('PBL0062','PL012','KR007','MTDBY002','PNR180002','2018-04-04'),('PBL0063','PL013','KR002','MTDBY003','PNR180003','2018-04-04'),('PBL0064','PL014','KR003','MTDBY004','PNR180004','2018-04-04'),('PBL0065','PL015','KR004','MTDBY005','PNR180005','2018-04-04'),('PBL0066','PL001','KR005','MTDBY001','PNR180001','2018-04-04'),('PBL0067','PL002','KR006','MTDBY002','PNR180002','2018-04-04'),('PBL0068','PL003','KR007','MTDBY003','PNR180003','2018-04-04'),('PBL0069','PL004','KR002','MTDBY004','PNR180004','2018-04-04'),('PBL0070','PL005','KR003','MTDBY005','PNR180005','2018-04-04'),('PBL0071','PL006','KR004','MTDBY001','PNR180001','2018-04-04'),('PBL0072','PL007','KR005','MTDBY002','PNR180002','2018-04-04'),('PBL0073','PL008','KR006','MTDBY003','PNR180003','2018-04-04'),('PBL0074','PL009','KR007','MTDBY004','PNR180004','2018-04-04'),('PBL0075','PL010','KR002','MTDBY005','PNR180005','2018-04-04'),('PBL0076','PL011','KR003','MTDBY001','PNR180001','2018-04-04'),('PBL0077','PL012','KR004','MTDBY002','PNR180002','2018-04-04'),('PBL0078','PL013','KR005','MTDBY003','PNR180003','2018-04-04'),('PBL0079','PL014','KR006','MTDBY004','PNR180004','2018-04-04'),('PBL0080','PL015','KR007','MTDBY005','PNR180005','2018-04-04'),('PBL0081','PL001','KR002','MTDBY001','PNR180001','2018-04-05'),('PBL0082','PL002','KR003','MTDBY002','PNR180002','2018-04-05'),('PBL0083','PL003','KR004','MTDBY003','PNR180003','2018-04-05'),('PBL0084','PL004','KR005','MTDBY004','PNR180004','2018-04-05'),('PBL0085','PL005','KR006','MTDBY005','PNR180005','2018-04-05'),('PBL0086','PL006','KR007','MTDBY001','PNR180001','2018-04-05'),('PBL0087','PL007','KR002','MTDBY002','PNR180002','2018-04-05'),('PBL0088','PL008','KR003','MTDBY003','PNR180003','2018-04-05'),('PBL0089','PL009','KR004','MTDBY004','PNR180004','2018-04-05'),('PBL0090','PL010','KR005','MTDBY005','PNR180005','2018-04-05'),('PBL0091','PL011','KR006','MTDBY001','PNR180001','2018-04-05'),('PBL0092','PL012','KR007','MTDBY002','PNR180002','2018-04-05'),('PBL0093','PL013','KR002','MTDBY003','PNR180003','2018-04-05'),('PBL0094','PL014','KR003','MTDBY004','PNR180004','2018-04-05'),('PBL0095','PL015','KR004','MTDBY005','PNR180005','2018-04-05'),('PBL0096','PL001','KR005','MTDBY001','PNR180001','2018-04-05'),('PBL0097','PL002','KR006','MTDBY002','PNR180002','2018-04-05'),('PBL0098','PL003','KR007','MTDBY003','PNR180003','2018-04-05'),('PBL0099','PL004','KR002','MTDBY004','PNR180004','2018-04-05'),('PBL0100','PL005','KR003','MTDBY005','PNR180005','2018-04-05'),('PBL0101','PL001','KR002','MTDBY001','PNR180001','2018-04-06'),('PBL0102','PL002','KR003','MTDBY002','PNR180002','2018-04-06'),('PBL0103','PL003','KR004','MTDBY003','PNR180003','2018-04-06'),('PBL0104','PL004','KR005','MTDBY004','PNR180004','2018-04-06'),('PBL0105','PL005','KR006','MTDBY005','PNR180005','2018-04-06'),('PBL0106','PL006','KR007','MTDBY001','PNR180001','2018-04-06'),('PBL0107','PL007','KR002','MTDBY002','PNR180002','2018-04-06'),('PBL0108','PL008','KR003','MTDBY003','PNR180003','2018-04-06'),('PBL0109','PL009','KR004','MTDBY004','PNR180004','2018-04-06'),('PBL0110','PL010','KR005','MTDBY005','PNR180005','2018-04-06'),('PBL0111','PL011','KR006','MTDBY001','PNR180001','2018-04-06'),('PBL0112','PL012','KR007','MTDBY002','PNR180002','2018-04-06'),('PBL0113','PL013','KR002','MTDBY003','PNR180003','2018-04-06'),('PBL0114','PL014','KR003','MTDBY004','PNR180004','2018-04-06'),('PBL0115','PL015','KR004','MTDBY005','PNR180005','2018-04-06'),('PBL0116','PL001','KR005','MTDBY001','PNR180001','2018-04-06'),('PBL0117','PL002','KR006','MTDBY002','PNR180002','2018-04-06'),('PBL0118','PL003','KR007','MTDBY003','PNR180003','2018-04-06'),('PBL0119','PL004','KR002','MTDBY004','PNR180004','2018-04-06'),('PBL0120','PL005','KR003','MTDBY005','PNR180005','2018-04-06'),('PBL0121','PL006','KR004','MTDBY001','PNR180001','2018-04-07'),('PBL0122','PL007','KR005','MTDBY002','PNR180002','2018-04-07'),('PBL0123','PL008','KR006','MTDBY003','PNR180003','2018-04-07'),('PBL0124','PL009','KR007','MTDBY004','PNR180004','2018-04-07'),('PBL0125','PL010','KR002','MTDBY005','PNR180005','2018-04-07'),('PBL0126','PL011','KR003','MTDBY001','PNR180001','2018-04-07'),('PBL0127','PL012','KR004','MTDBY002','PNR180002','2018-04-07'),('PBL0128','PL013','KR005','MTDBY003','PNR180003','2018-04-07'),('PBL0129','PL014','KR006','MTDBY004','PNR180004','2018-04-07'),('PBL0130','PL015','KR007','MTDBY005','PNR180005','2018-04-07'),('PBL0131','PL001','KR002','MTDBY001','PNR180001','2018-04-07'),('PBL0132','PL002','KR003','MTDBY002','PNR180002','2018-04-07'),('PBL0133','PL003','KR004','MTDBY003','PNR180003','2018-04-07'),('PBL0134','PL004','KR005','MTDBY004','PNR180004','2018-04-07'),('PBL0135','PL005','KR006','MTDBY005','PNR180005','2018-04-07'),('PBL0136','PL006','KR007','MTDBY001','PNR180001','2018-04-08'),('PBL0137','PL007','KR002','MTDBY002','PNR180002','2018-04-08'),('PBL0138','PL008','KR003','MTDBY003','PNR180003','2018-04-08'),('PBL0139','PL009','KR004','MTDBY004','PNR180004','2018-04-08'),('PBL0140','PL010','KR005','MTDBY005','PNR180005','2018-04-08'),('PBL0141','PL011','KR006','MTDBY001','PNR180001','2018-04-08'),('PBL0142','PL012','KR007','MTDBY002','PNR180002','2018-04-08'),('PBL0143','PL013','KR002','MTDBY003','PNR180003','2018-04-08'),('PBL0144','PL014','KR003','MTDBY004','PNR180004','2018-04-08'),('PBL0145','PL015','KR004','MTDBY005','PNR180005','2018-04-08'),('PBL0146','PL001','KR005','MTDBY001','PNR180001','2018-04-08'),('PBL0147','PL002','KR006','MTDBY002','PNR180002','2018-04-08'),('PBL0148','PL003','KR007','MTDBY003','PNR180003','2018-04-08'),('PBL0149','PL004','KR002','MTDBY004','PNR180004','2018-04-08'),('PBL0150','PL005','KR003','MTDBY005','PNR180005','2018-04-08'),('PBL0151','PL001','KR002','MTDBY001','PNR180001','2018-04-09'),('PBL0152','PL002','KR003','MTDBY002','PNR180002','2018-04-09'),('PBL0153','PL003','KR004','MTDBY003','PNR180003','2018-04-09'),('PBL0154','PL004','KR005','MTDBY004','PNR180004','2018-04-09'),('PBL0155','PL005','KR006','MTDBY005','PNR180005','2018-04-09'),('PBL0156','PL006','KR007','MTDBY001','PNR180001','2018-04-10'),('PBL0157','PL007','KR002','MTDBY002','PNR180002','2018-04-10'),('PBL0158','PL008','KR003','MTDBY003','PNR180003','2018-04-10'),('PBL0159','PL009','KR004','MTDBY004','PNR180004','2018-04-10'),('PBL0160','PL010','KR005','MTDBY005','PNR180005','2018-04-10'),('PBL0161','PL011','KR006','MTDBY001','PNR180001','2018-04-11'),('PBL0162','PL012','KR007','MTDBY002','PNR180002','2018-04-12'),('PBL0163','PL013','KR002','MTDBY003','PNR180003','2018-04-13'),('PBL0164','PL014','KR003','MTDBY004','PNR180004','2018-04-14'),('PBL0165','PL015','KR004','MTDBY005','PNR180005','2018-04-15'),('PBL0166','PL001','KR005','MTDBY001','PNR180001','2018-04-16'),('PBL0167','PL002','KR006','MTDBY002','PNR180002','2018-04-17'),('PBL0168','PL003','KR007','MTDBY003','PNR180003','2018-04-18'),('PBL0169','PL004','KR002','MTDBY004','PNR180004','2018-04-19'),('PBL0170','PL005','KR003','MTDBY005','PNR180005','2018-04-20'),('PBL0171','PL006','KR004','MTDBY001','PNR180001','2018-04-21'),('PBL0172','PL007','KR005','MTDBY002','PNR180002','2018-04-22'),('PBL0173','PL008','KR006','MTDBY003','PNR180003','2018-04-23'),('PBL0174','PL009','KR007','MTDBY004','PNR180004','2018-04-24'),('PBL0175','PL010','KR002','MTDBY005','PNR180005','2018-04-25'),('PBL0176','PL011','KR003','MTDBY001','PNR180001','2018-04-26'),('PBL0177','PL012','KR004','MTDBY002','PNR180002','2018-04-27'),('PBL0178','PL013','KR005','MTDBY003','PNR180003','2018-04-28'),('PBL0179','PL014','KR006','MTDBY004','PNR180004','2018-04-29'),('PBL0180','PL015','KR007','MTDBY005','PNR180005','2018-04-30'),('PBL0181','PL001','KR002','MTDBY001','PNR180001','2018-05-01'),('PBL0182','PL002','KR003','MTDBY002','PNR180002','2018-05-01'),('PBL0183','PL003','KR004','MTDBY003','PNR180003','2018-05-01'),('PBL0184','PL004','KR005','MTDBY004','PNR180004','2018-05-01'),('PBL0185','PL005','KR006','MTDBY005','PNR180005','2018-05-01'),('PBL0186','PL006','KR007','MTDBY001','PNR180001','2018-05-02'),('PBL0187','PL007','KR002','MTDBY002','PNR180002','2018-05-02'),('PBL0188','PL008','KR003','MTDBY003','PNR180003','2018-05-02'),('PBL0189','PL009','KR004','MTDBY004','PNR180004','2018-05-02'),('PBL0190','PL010','KR005','MTDBY005','PNR180005','2018-05-02'),('PBL0191','PL011','KR006','MTDBY001','PNR180001','2018-05-03'),('PBL0192','PL012','KR007','MTDBY002','PNR180002','2018-05-03'),('PBL0193','PL013','KR002','MTDBY003','PNR180003','2018-05-03'),('PBL0194','PL014','KR003','MTDBY004','PNR180004','2018-05-03'),('PBL0195','PL015','KR004','MTDBY005','PNR180005','2018-05-03'),('PBL0196','PL001','KR005','MTDBY001','PNR180001','2018-05-04'),('PBL0197','PL002','KR006','MTDBY002','PNR180002','2018-05-04'),('PBL0198','PL003','KR007','MTDBY003','PNR180003','2018-05-04'),('PBL0199','PL004','KR002','MTDBY004','PNR180004','2018-05-04'),('PBL0200','PL005','KR003','MTDBY005','PNR180005','2018-05-04'),('PBL0201','PL001','KR002','MTDBY001','PNR180001','2018-05-05'),('PBL0202','PL002','KR003','MTDBY002','PNR180002','2018-05-05'),('PBL0203','PL003','KR004','MTDBY003','PNR180003','2018-05-05'),('PBL0204','PL004','KR005','MTDBY004','PNR180004','2018-05-05'),('PBL0205','PL005','KR006','MTDBY005','PNR180005','2018-05-05'),('PBL0206','PL006','KR007','MTDBY001','PNR180001','2018-05-06'),('PBL0207','PL007','KR002','MTDBY002','PNR180002','2018-05-06'),('PBL0208','PL008','KR003','MTDBY003','PNR180003','2018-05-06'),('PBL0209','PL009','KR004','MTDBY004','PNR180004','2018-05-06'),('PBL0210','PL010','KR005','MTDBY005','PNR180005','2018-05-06'),('PBL0211','PL011','KR006','MTDBY001','PNR180001','2018-05-06'),('PBL0212','PL012','KR007','MTDBY002','PNR180002','2018-05-06'),('PBL0213','PL013','KR002','MTDBY003','PNR180003','2018-05-06'),('PBL0214','PL014','KR003','MTDBY004','PNR180004','2018-05-06'),('PBL0215','PL015','KR004','MTDBY005','PNR180005','2018-05-06'),('PBL0216','PL001','KR005','MTDBY001','PNR180001','2018-05-06'),('PBL0217','PL002','KR006','MTDBY002','PNR180002','2018-05-06'),('PBL0218','PL003','KR007','MTDBY003','PNR180003','2018-05-06'),('PBL0219','PL004','KR002','MTDBY004','PNR180004','2018-05-06'),('PBL0220','PL005','KR003','MTDBY005','PNR180005','2018-05-06'),('PBL0221','PL006','KR004','MTDBY001','PNR180001','2018-05-07'),('PBL0222','PL007','KR005','MTDBY002','PNR180002','2018-05-07'),('PBL0223','PL008','KR006','MTDBY003','PNR180003','2018-05-07'),('PBL0224','PL009','KR007','MTDBY004','PNR180004','2018-05-07'),('PBL0225','PL010','KR002','MTDBY005','PNR180005','2018-05-07'),('PBL0226','PL011','KR003','MTDBY001','PNR180001','2018-05-07'),('PBL0227','PL012','KR004','MTDBY002','PNR180002','2018-05-07'),('PBL0228','PL013','KR005','MTDBY003','PNR180003','2018-05-07'),('PBL0229','PL014','KR006','MTDBY004','PNR180004','2018-05-07'),('PBL0230','PL015','KR007','MTDBY005','PNR180005','2018-05-07'),('PBL0231','PL001','KR002','MTDBY001','PNR180001','2018-05-07'),('PBL0232','PL002','KR003','MTDBY002','PNR180002','2018-05-07'),('PBL0233','PL003','KR004','MTDBY003','PNR180003','2018-05-07'),('PBL0234','PL004','KR005','MTDBY004','PNR180004','2018-05-07'),('PBL0235','PL005','KR006','MTDBY005','PNR180005','2018-05-07'),('PBL0236','PL006','KR007','MTDBY001','PNR180001','2018-05-07'),('PBL0237','PL007','KR002','MTDBY002','PNR180002','2018-05-07'),('PBL0238','PL008','KR003','MTDBY003','PNR180003','2018-05-07'),('PBL0239','PL009','KR004','MTDBY004','PNR180004','2018-05-07'),('PBL0240','PL010','KR005','MTDBY005','PNR180005','2018-05-07'),('PBL0241','PL011','KR006','MTDBY001','PNR180001','2018-05-08'),('PBL0242','PL012','KR007','MTDBY002','PNR180002','2018-05-08'),('PBL0243','PL013','KR002','MTDBY003','PNR180003','2018-05-08'),('PBL0244','PL014','KR003','MTDBY004','PNR180004','2018-05-08'),('PBL0245','PL015','KR004','MTDBY005','PNR180005','2018-05-08'),('PBL0246','PL001','KR005','MTDBY001','PNR180001','2018-05-08'),('PBL0247','PL002','KR006','MTDBY002','PNR180002','2018-05-08'),('PBL0248','PL003','KR007','MTDBY003','PNR180003','2018-05-08'),('PBL0249','PL004','KR002','MTDBY004','PNR180004','2018-05-08'),('PBL0250','PL005','KR003','MTDBY005','PNR180005','2018-05-08'),('PBL0251','PL001','KR002','MTDBY001','PNR180001','2018-05-09'),('PBL0252','PL002','KR003','MTDBY002','PNR180002','2018-05-09'),('PBL0253','PL003','KR004','MTDBY003','PNR180003','2018-05-09'),('PBL0254','PL004','KR005','MTDBY004','PNR180004','2018-05-09'),('PBL0255','PL005','KR006','MTDBY005','PNR180005','2018-05-09'),('PBL0256','PL006','KR007','MTDBY001','PNR180001','2018-05-09'),('PBL0257','PL007','KR002','MTDBY002','PNR180002','2018-05-09'),('PBL0258','PL008','KR003','MTDBY003','PNR180003','2018-05-09'),('PBL0259','PL009','KR004','MTDBY004','PNR180004','2018-05-09'),('PBL0260','PL010','KR005','MTDBY005','PNR180005','2018-05-09'),('PBL0261','PL011','KR006','MTDBY001','PNR180001','2018-05-10'),('PBL0262','PL012','KR007','MTDBY002','PNR180002','2018-05-10'),('PBL0263','PL013','KR002','MTDBY003','PNR180003','2018-05-10'),('PBL0264','PL014','KR003','MTDBY004','PNR180004','2018-05-10'),('PBL0265','PL015','KR004','MTDBY005','PNR180005','2018-05-10'),('PBL0266','PL001','KR005','MTDBY001','PNR180001','2018-05-10'),('PBL0267','PL002','KR006','MTDBY002','PNR180002','2018-05-10'),('PBL0268','PL003','KR007','MTDBY003','PNR180003','2018-05-10'),('PBL0269','PL004','KR002','MTDBY004','PNR180004','2018-05-10'),('PBL0270','PL005','KR003','MTDBY005','PNR180005','2018-05-10'),('PBL0271','PL006','KR004','MTDBY001','PNR180001','2018-05-10'),('PBL0272','PL007','KR005','MTDBY002','PNR180002','2018-05-10'),('PBL0273','PL008','KR006','MTDBY003','PNR180003','2018-05-10'),('PBL0274','PL009','KR007','MTDBY004','PNR180004','2018-05-10'),('PBL0275','PL010','KR002','MTDBY005','PNR180005','2018-05-10'),('PBL0276','PL011','KR003','MTDBY001','PNR180001','2018-05-10'),('PBL0277','PL012','KR004','MTDBY002','PNR180002','2018-05-10'),('PBL0278','PL013','KR005','MTDBY003','PNR180003','2018-05-10'),('PBL0279','PL014','KR006','MTDBY004','PNR180004','2018-05-10'),('PBL0280','PL015','KR007','MTDBY005','PNR180005','2018-05-10'),('PBL0281','PL001','KR002','MTDBY001','PNR180001','2018-05-11'),('PBL0282','PL002','KR003','MTDBY002','PNR180002','2018-05-11'),('PBL0283','PL003','KR004','MTDBY003','PNR180003','2018-05-11'),('PBL0284','PL004','KR005','MTDBY004','PNR180004','2018-05-11'),('PBL0285','PL005','KR006','MTDBY005','PNR180005','2018-05-11'),('PBL0286','PL006','KR007','MTDBY001','PNR180001','2018-05-11'),('PBL0287','PL007','KR002','MTDBY002','PNR180002','2018-05-11'),('PBL0288','PL008','KR003','MTDBY003','PNR180003','2018-05-11'),('PBL0289','PL009','KR004','MTDBY004','PNR180004','2018-05-11'),('PBL0290','PL010','KR005','MTDBY005','PNR180005','2018-05-11'),('PBL0291','PL011','KR006','MTDBY001','PNR180001','2018-05-11'),('PBL0292','PL012','KR007','MTDBY002','PNR180002','2018-05-11'),('PBL0293','PL013','KR002','MTDBY003','PNR180003','2018-05-11'),('PBL0294','PL014','KR003','MTDBY004','PNR180004','2018-05-11'),('PBL0295','PL015','KR004','MTDBY005','PNR180005','2018-05-11'),('PBL0296','PL001','KR005','MTDBY001','PNR180001','2018-05-11'),('PBL0297','PL002','KR006','MTDBY002','PNR180002','2018-05-11'),('PBL0298','PL003','KR007','MTDBY003','PNR180003','2018-05-11'),('PBL0299','PL004','KR002','MTDBY004','PNR180004','2018-05-11'),('PBL0300','PL005','KR003','MTDBY005','PNR180005','2018-05-11'),('PBL0301','PL001','KR002','MTDBY001','PNR180001','2018-05-12'),('PBL0302','PL002','KR003','MTDBY002','PNR180002','2018-05-12'),('PBL0303','PL003','KR004','MTDBY003','PNR180003','2018-05-12'),('PBL0304','PL004','KR005','MTDBY004','PNR180004','2018-05-12'),('PBL0305','PL005','KR006','MTDBY005','PNR180005','2018-05-12'),('PBL0306','PL006','KR007','MTDBY001','PNR180001','2018-05-12'),('PBL0307','PL007','KR002','MTDBY002','PNR180002','2018-05-12'),('PBL0308','PL008','KR003','MTDBY003','PNR180003','2018-05-12'),('PBL0309','PL009','KR004','MTDBY004','PNR180004','2018-05-12'),('PBL0310','PL010','KR005','MTDBY005','PNR180005','2018-05-12'),('PBL0311','PL011','KR006','MTDBY001','PNR180001','2018-05-12'),('PBL0312','PL012','KR007','MTDBY002','PNR180002','2018-05-12'),('PBL0313','PL013','KR002','MTDBY003','PNR180003','2018-05-12'),('PBL0314','PL014','KR003','MTDBY004','PNR180004','2018-05-12'),('PBL0315','PL015','KR004','MTDBY005','PNR180005','2018-05-12'),('PBL0316','PL001','KR005','MTDBY001','PNR180001','2018-05-13'),('PBL0317','PL002','KR006','MTDBY002','PNR180002','2018-05-13'),('PBL0318','PL003','KR007','MTDBY003','PNR180003','2018-05-13'),('PBL0319','PL004','KR002','MTDBY004','PNR180004','2018-05-13'),('PBL0320','PL005','KR003','MTDBY005','PNR180005','2018-05-13'),('PBL0321','PL006','KR004','MTDBY001','PNR180001','2018-05-13'),('PBL0322','PL007','KR005','MTDBY002','PNR180002','2018-05-13'),('PBL0323','PL008','KR006','MTDBY003','PNR180003','2018-05-13'),('PBL0324','PL009','KR007','MTDBY004','PNR180004','2018-05-13'),('PBL0325','PL010','KR002','MTDBY005','PNR180005','2018-05-13'),('PBL0326','PL011','KR003','MTDBY001','PNR180001','2018-05-13'),('PBL0327','PL012','KR004','MTDBY002','PNR180002','2018-05-13'),('PBL0328','PL013','KR005','MTDBY003','PNR180003','2018-05-13'),('PBL0329','PL014','KR006','MTDBY004','PNR180004','2018-05-13'),('PBL0330','PL015','KR007','MTDBY005','PNR180005','2018-05-13'),('PBL0331','PL001','KR002','MTDBY001','PNR180001','2018-05-14'),('PBL0332','PL002','KR003','MTDBY002','PNR180002','2018-05-14'),('PBL0333','PL003','KR004','MTDBY003','PNR180003','2018-05-14'),('PBL0334','PL004','KR005','MTDBY004','PNR180004','2018-05-14'),('PBL0335','PL005','KR006','MTDBY005','PNR180005','2018-05-14'),('PBL0336','PL006','KR007','MTDBY001','PNR180001','2018-05-14'),('PBL0337','PL007','KR002','MTDBY002','PNR180002','2018-05-14'),('PBL0338','PL008','KR003','MTDBY003','PNR180003','2018-05-14'),('PBL0339','PL009','KR004','MTDBY004','PNR180004','2018-05-14'),('PBL0340','PL010','KR005','MTDBY005','PNR180005','2018-05-14'),('PBL0341','PL011','KR006','MTDBY001','PNR180001','2018-05-14'),('PBL0342','PL012','KR007','MTDBY002','PNR180002','2018-05-15'),('PBL0343','PL013','KR002','MTDBY003','PNR180003','2018-05-15'),('PBL0344','PL014','KR003','MTDBY004','PNR180004','2018-05-15'),('PBL0345','PL015','KR004','MTDBY005','PNR180005','2018-05-15'),('PBL0346','PL001','KR005','MTDBY001','PNR180001','2018-05-15'),('PBL0347','PL002','KR006','MTDBY002','PNR180002','2018-05-15'),('PBL0348','PL003','KR007','MTDBY003','PNR180003','2018-05-15'),('PBL0349','PL004','KR002','MTDBY004','PNR180004','2018-05-15'),('PBL0350','PL005','KR003','MTDBY005','PNR180005','2018-05-15'),('PBL0351','PL001','KR002','MTDBY001','PNR180001','2018-05-15'),('PBL0352','PL002','KR003','MTDBY002','PNR180002','2018-05-15'),('PBL0353','PL003','KR004','MTDBY003','PNR180003','2018-05-15'),('PBL0354','PL004','KR005','MTDBY004','PNR180004','2018-05-15'),('PBL0355','PL005','KR006','MTDBY005','PNR180005','2018-05-15'),('PBL0356','PL006','KR007','MTDBY001','PNR180001','2018-05-16'),('PBL0357','PL007','KR002','MTDBY002','PNR180002','2018-05-16'),('PBL0358','PL008','KR003','MTDBY003','PNR180003','2018-05-16'),('PBL0359','PL009','KR004','MTDBY004','PNR180004','2018-05-16'),('PBL0360','PL010','KR005','MTDBY005','PNR180005','2018-05-16'),('PBL0361','PL011','KR006','MTDBY001','PNR180001','2018-05-16'),('PBL0362','PL012','KR007','MTDBY002','PNR180002','2018-05-16'),('PBL0363','PL013','KR002','MTDBY003','PNR180003','2018-05-16'),('PBL0364','PL014','KR003','MTDBY004','PNR180004','2018-05-16'),('PBL0365','PL015','KR004','MTDBY005','PNR180005','2018-05-16'),('PBL0366','PL001','KR005','MTDBY001','PNR180001','2018-05-16'),('PBL0367','PL002','KR006','MTDBY002','PNR180002','2018-05-16'),('PBL0368','PL003','KR007','MTDBY003','PNR180003','2018-05-16'),('PBL0369','PL004','KR002','MTDBY004','PNR180004','2018-05-16'),('PBL0370','PL005','KR003','MTDBY005','PNR180005','2018-05-16'),('PBL0371','PL006','KR004','MTDBY001','PNR180001','2018-05-16'),('PBL0372','PL007','KR005','MTDBY002','PNR180002','2018-05-16'),('PBL0373','PL008','KR006','MTDBY003','PNR180003','2018-05-16'),('PBL0374','PL009','KR007','MTDBY004','PNR180004','2018-05-16'),('PBL0375','PL010','KR002','MTDBY005','PNR180005','2018-05-16'),('PBL0376','PL011','KR003','MTDBY001','PNR180001','2018-05-17'),('PBL0377','PL012','KR004','MTDBY002','PNR180002','2018-05-17'),('PBL0378','PL013','KR005','MTDBY003','PNR180003','2018-05-17'),('PBL0379','PL014','KR006','MTDBY004','PNR180004','2018-05-17'),('PBL0380','PL015','KR007','MTDBY005','PNR180005','2018-05-17'),('PBL0381','PL001','KR002','MTDBY001','PNR180001','2018-05-17'),('PBL0382','PL002','KR003','MTDBY002','PNR180002','2018-05-17'),('PBL0383','PL003','KR004','MTDBY003','PNR180003','2018-05-17'),('PBL0384','PL004','KR005','MTDBY004','PNR180004','2018-05-17'),('PBL0385','PL005','KR006','MTDBY005','PNR180005','2018-05-17'),('PBL0386','PL006','KR007','MTDBY001','PNR180001','2018-05-17'),('PBL0387','PL007','KR002','MTDBY002','PNR180002','2018-05-17'),('PBL0388','PL008','KR003','MTDBY003','PNR180003','2018-05-17'),('PBL0389','PL009','KR004','MTDBY004','PNR180004','2018-05-17'),('PBL0390','PL010','KR005','MTDBY005','PNR180005','2018-05-17'),('PBL0391','PL011','KR006','MTDBY001','PNR180001','2018-05-17'),('PBL0392','PL012','KR007','MTDBY002','PNR180002','2018-05-17'),('PBL0393','PL013','KR002','MTDBY003','PNR180003','2018-05-17'),('PBL0394','PL014','KR003','MTDBY004','PNR180004','2018-05-17'),('PBL0395','PL015','KR004','MTDBY005','PNR180005','2018-05-17'),('PBL0396','PL001','KR005','MTDBY001','PNR180001','2018-05-17'),('PBL0397','PL002','KR006','MTDBY002','PNR180002','2018-05-17'),('PBL0398','PL003','KR007','MTDBY003','PNR180003','2018-05-17'),('PBL0399','PL004','KR002','MTDBY004','PNR180004','2018-05-17'),('PBL0400','PL005','KR003','MTDBY005','PNR180005','2018-05-17'),('PBL0401','PL001','KR002','MTDBY001','PNR180001','2018-05-18'),('PBL0402','PL002','KR003','MTDBY002','PNR180002','2018-05-18'),('PBL0403','PL003','KR004','MTDBY003','PNR180003','2018-05-18'),('PBL0404','PL004','KR005','MTDBY004','PNR180004','2018-05-18'),('PBL0405','PL005','KR006','MTDBY005','PNR180005','2018-05-18'),('PBL0406','PL006','KR007','MTDBY001','PNR180001','2018-05-18'),('PBL0407','PL007','KR002','MTDBY002','PNR180002','2018-05-18'),('PBL0408','PL008','KR003','MTDBY003','PNR180003','2018-05-18'),('PBL0409','PL009','KR004','MTDBY004','PNR180004','2018-05-18'),('PBL0410','PL010','KR005','MTDBY005','PNR180005','2018-05-18'),('PBL0411','PL011','KR006','MTDBY001','PNR180001','2018-05-18'),('PBL0412','PL012','KR007','MTDBY002','PNR180002','2018-05-18'),('PBL0413','PL013','KR002','MTDBY003','PNR180003','2018-05-18'),('PBL0414','PL014','KR003','MTDBY004','PNR180004','2018-05-18'),('PBL0415','PL015','KR004','MTDBY005','PNR180005','2018-05-18'),('PBL0416','PL001','KR005','MTDBY001','PNR180001','2018-05-19'),('PBL0417','PL002','KR006','MTDBY002','PNR180002','2018-05-19'),('PBL0418','PL003','KR007','MTDBY003','PNR180003','2018-05-19'),('PBL0419','PL004','KR002','MTDBY004','PNR180004','2018-05-19'),('PBL0420','PL005','KR003','MTDBY005','PNR180005','2018-05-19'),('PBL0421','PL006','KR004','MTDBY001','PNR180001','2018-05-19'),('PBL0422','PL007','KR005','MTDBY002','PNR180002','2018-05-19'),('PBL0423','PL008','KR006','MTDBY003','PNR180003','2018-05-19'),('PBL0424','PL009','KR007','MTDBY004','PNR180004','2018-05-19'),('PBL0425','PL010','KR002','MTDBY005','PNR180005','2018-05-19'),('PBL0426','PL011','KR003','MTDBY001','PNR180001','2018-05-20'),('PBL0427','PL012','KR004','MTDBY002','PNR180002','2018-05-20'),('PBL0428','PL013','KR005','MTDBY003','PNR180003','2018-05-20'),('PBL0429','PL014','KR006','MTDBY004','PNR180004','2018-05-20'),('PBL0430','PL015','KR007','MTDBY005','PNR180005','2018-05-20'),('PBL0431','PL001','KR002','MTDBY001','PNR180001','2018-05-20'),('PBL0432','PL002','KR003','MTDBY002','PNR180002','2018-05-20'),('PBL0433','PL003','KR004','MTDBY003','PNR180003','2018-05-20'),('PBL0434','PL004','KR005','MTDBY004','PNR180004','2018-05-20'),('PBL0435','PL005','KR006','MTDBY005','PNR180005','2018-05-20'),('PBL0436','PL006','KR007','MTDBY001','PNR180001','2018-05-21'),('PBL0437','PL007','KR002','MTDBY002','PNR180002','2018-05-22'),('PBL0438','PL008','KR003','MTDBY003','PNR180003','2018-05-23'),('PBL0439','PL009','KR004','MTDBY004','PNR180004','2018-05-24'),('PBL0440','PL010','KR005','MTDBY005','PNR180005','2018-05-25'),('PBL0441','PL011','KR006','MTDBY001','PNR180001','2018-05-26'),('PBL0442','PL012','KR007','MTDBY002','PNR180002','2018-05-27'),('PBL0443','PL013','KR002','MTDBY003','PNR180003','2018-05-28'),('PBL0444','PL014','KR003','MTDBY004','PNR180004','2018-05-29'),('PBL0445','PL015','KR004','MTDBY005','PNR180005','2018-05-30'),('PBL0446','PL001','KR005','MTDBY001','PNR180001','2018-05-31'),('PBL0447','PL002','KR006','MTDBY002','PNR180002','2018-06-01'),('PBL0448','PL003','KR007','MTDBY003','PNR180003','2018-06-01'),('PBL0449','PL004','KR002','MTDBY004','PNR180004','2018-06-01'),('PBL0450','PL005','KR003','MTDBY005','PNR180005','2018-06-01'),('PBL0451','PL001','KR002','MTDBY001','PNR180001','2018-06-02'),('PBL0452','PL002','KR003','MTDBY002','PNR180002','2018-06-02'),('PBL0453','PL003','KR004','MTDBY003','PNR180003','2018-06-02'),('PBL0454','PL004','KR005','MTDBY004','PNR180004','2018-06-02'),('PBL0455','PL005','KR006','MTDBY005','PNR180005','2018-06-02'),('PBL0456','PL006','KR007','MTDBY001','PNR180001','2018-06-10'),('PBL0457','PL007','KR002','MTDBY002','PNR180002','2018-06-11'),('PBL0458','PL008','KR003','MTDBY003','PNR180003','2018-06-12'),('PBL0459','PL009','KR004','MTDBY004','PNR180004','2018-06-13'),('PBL0460','PL010','KR005','MTDBY005','PNR180005','2018-06-14'),('PBL0461','PL011','KR006','MTDBY001','PNR180001','2018-06-15'),('PBL0462','PL012','KR007','MTDBY002','PNR180002','2018-06-16'),('PBL0463','PL013','KR002','MTDBY003','PNR180003','2018-06-16'),('PBL0464','PL014','KR003','MTDBY004','PNR180004','2018-06-16'),('PBL0465','PL015','KR004','MTDBY005','PNR180005','2018-06-16'),('PBL0466','PL001','KR005','MTDBY001','PNR180001','2018-06-16'),('PBL0467','PL002','KR006','MTDBY002','PNR180002','2018-06-16'),('PBL0468','PL003','KR007','MTDBY003','PNR180003','2018-06-16'),('PBL0469','PL004','KR002','MTDBY004','PNR180004','2018-06-16'),('PBL0470','PL005','KR003','MTDBY005','PNR180005','2018-06-16'),('PBL0471','PL006','KR004','MTDBY001','PNR180001','2018-06-16'),('PBL0472','PL007','KR005','MTDBY002','PNR180002','2018-06-16'),('PBL0473','PL008','KR006','MTDBY003','PNR180003','2018-06-16'),('PBL0474','PL009','KR007','MTDBY004','PNR180004','2018-06-16'),('PBL0475','PL010','KR002','MTDBY005','PNR180005','2018-06-16'),('PBL0476','PL011','KR003','MTDBY001','PNR180001','2018-06-16'),('PBL0477','PL012','KR004','MTDBY002','PNR180002','2018-06-16'),('PBL0478','PL013','KR005','MTDBY003','PNR180003','2018-06-16'),('PBL0479','PL014','KR006','MTDBY004','PNR180004','2018-06-16'),('PBL0480','PL015','KR007','MTDBY005','PNR180005','2018-06-16'),('PBL0481','PL001','KR002','MTDBY001','PNR180001','2018-06-16'),('PBL0482','PL002','KR003','MTDBY002','PNR180002','2018-06-16'),('PBL0483','PL003','KR004','MTDBY003','PNR180003','2018-06-16'),('PBL0484','PL004','KR005','MTDBY004','PNR180004','2018-06-16'),('PBL0485','PL005','KR006','MTDBY005','PNR180005','2018-06-16'),('PBL0486','PL006','KR007','MTDBY001','PNR180001','2018-06-16'),('PBL0487','PL007','KR002','MTDBY002','PNR180002','2018-06-17'),('PBL0488','PL008','KR003','MTDBY003','PNR180003','2018-06-18'),('PBL0489','PL009','KR004','MTDBY004','PNR180004','2018-06-19'),('PBL0490','PL010','KR005','MTDBY005','PNR180005','2018-06-20'),('PBL0491','PL011','KR006','MTDBY001','PNR180001','2018-06-21'),('PBL0492','PL012','KR007','MTDBY002','PNR180002','2018-06-22'),('PBL0493','PL013','KR002','MTDBY003','PNR180003','2018-06-23'),('PBL0494','PL014','KR003','MTDBY004','PNR180004','2018-06-24'),('PBL0495','PL015','KR004','MTDBY005','PNR180005','2018-06-25'),('PBL0496','PL001','KR005','MTDBY001','PNR180001','2018-06-26'),('PBL0497','PL002','KR006','MTDBY002','PNR180002','2018-06-27'),('PBL0498','PL003','KR007','MTDBY003','PNR180003','2018-06-28'),('PBL0499','PL004','KR002','MTDBY004','PNR180004','2018-06-29'),('PBL0500','PL005','KR003','MTDBY005','PNR180005','2018-06-30');
/*!40000 ALTER TABLE `PEMBELIAN` ENABLE KEYS */;
UNLOCK TABLES;

--
-- Table structure for table `REVIEW_BARANG`
--

DROP TABLE IF EXISTS `REVIEW_BARANG`;
/*!40101 SET @saved_cs_client     = @@character_set_client */;
/*!40101 SET character_set_client = utf8 */;
CREATE TABLE `REVIEW_BARANG` (
  `No` varchar(45) NOT NULL,
  `ID_PEMBELIAN` varchar(10) DEFAULT NULL,
  `ID_BARANG4` varchar(10) DEFAULT NULL,
  `RATING` char(15) DEFAULT NULL,
  `DETAIL_PREVIEW` varchar(150) DEFAULT NULL,
  PRIMARY KEY (`No`)
) ENGINE=InnoDB DEFAULT CHARSET=utf8;
/*!40101 SET character_set_client = @saved_cs_client */;

--
-- Dumping data for table `REVIEW_BARANG`
--

LOCK TABLES `REVIEW_BARANG` WRITE;
/*!40000 ALTER TABLE `REVIEW_BARANG` DISABLE KEYS */;
INSERT INTO `REVIEW_BARANG` VALUES ('1','PBL0001','BRG001','1','barang yang datang mengecewakan, kualitas jelek'),('10','PBL0013','BRG014','5','barang sangat oke, tanpa minus'),('100','PBL00221','BRG031','5','barang sangat bagus, pengirimannya juga cepat'),('101','PBL00222','BRG032','1','barang tidak bagus, pengiriman sangat lama'),('102','PBL00223','BRG033','2','barang masih banyak cacat, mungkin karena packingnya tidak rapi'),('103','PBL00238','BRG048','3','kualitas barang cukup bagus, packingnya juga rapi'),('104','PBL00239','BRG049','4','barang cukup memuaskan, kualitas oke'),('105','PBL00240','BRG050','5','barang sangat bagus dan memuaskan, packing sangat rapi'),('106','PBL00241','BRG001','1','packing tidak aman, kualitas barang jelek sekali'),('107','PBL00242','BRG002','2','barang cukup mengecewakan, packing tidak rapi'),('108','PBL00243','BRG003','3','packing rapi, kualitas barang lumayan baik'),('109','PBL00244','BRG004','4','barang cukup bagus , kualitasnya cukup baik dan packingnya rapi'),('11','PBL0014','BRG015','1','barang jelek banget, banyak cacat fisik'),('110','PBL00245','BRG005','5','packing rapi dan aman, barang bagus tanpa cacat'),('111','PBL00260','BRG022','1','barang jelek sekali karena banyak cacat fisik'),('112','PBL00261','BRG023','2','barang cacat dan tidak berfungsi dengan baik '),('113','PBL00262','BRG024','3','kualitas barang cukup baik dan cukup memuaskan'),('114','PBL00263','BRG025','4','barang bagus dan berfungsi dengan baik'),('115','PBL00264','BRG026','5','pengiriman cepat, barang sangat bagus dan berkualitas tinggi'),('116','PBL00265','BRG027','1','pengiriman lama sekali, ternyata yang datang barangnya mengecewakan'),('117','PBL00279','BRG041','2','pengiriman lama, barang  cacat tetapi masih bisa berfungsi'),('118','PBL00280','BRG042','3','barang cukup oke dan berfungsi cukup baik, packing lumayan rapi'),('119','PBL00281','BRG043','4','barang bagus dan kualitasnya oke, pengiriman lumayan cepat'),('12','PBL0015','BRG016','2','barang ada cacat, tapi masih berfungsi, kualitas buruk'),('120','PBL00282','BRG044','5','barang yang datang sangat memuaskan, pengiriman juga cepat'),('121','PBL00283','BRG045','1','barang jelek, tidak sesuai ekspektasi dan mengecewakan'),('122','PBL00284','BRG046','2','fitur barang ada yang tidak berfungsi dengan baik'),('123','PBL00285','BRG047','3','barang cukup bagus, kualitas cukup baik'),('124','PBL00286','BRG048','4','barang bagus, packing rapi dan pengiriman lumayan cepat'),('125','PBL00299','BRG011','5','kualitas barang sangat bagus sekali, pengiriman cepat dan packing rapi'),('126','PBL00300','BRG012','1','menyesal belanja disini, barang yang datang tidak sesuai'),('127','PBL00301','BRG014','2','barang tidak berfungsi dengan lancar, kualitasnya biasa saja'),('128','PBL00302','BRG015','3','barang cukup oke dan berfungsi dengan baik '),('129','PBL00303','BRG016','4','kualitas barang cukup baik, tidak ada cacat dan minus'),('13','PBL0024','BRG026','3','kualitas cukup baik, cukup memuaskan'),('130','PBL00304','BRG017','5','sangat memuaskan barangnya, packing sangat rapi dan pengirimannya juga cepat'),('131','PBL00305','BRG018','1','kualitas barang jelek dan segelnya rusak, seperti barang second'),('132','PBL00322','BRG036','2','kualitas barang buruk, tapi masih bisa dipakai walaupun ada cacat'),('133','PBL00323','BRG037','3','barang berfungsi cukup baik, tetapi pengirimannya sedikit lama'),('134','PBL00324','BRG038','4','pengiriman cukup cepat, kualitas barang juga lumayan bagus tetapi packingnya sangat rapi'),('135','PBL00325','BRG039','5','barang sampai dengan selamat dan tanpa cacat, kualitasnya sangat bagus dan fungsinya berjalan dengan baik'),('136','PBL00326','BRG040','1','barang mengecewakan dan tidak sesuai, pengiriman dan packingnya juga buruk'),('137','PBL00327','BRG041','2','barang kurang bagus karena masih ada beberapa cacat fisik, seperti ada goresan'),('138','PBL00328','BRG042','3','kualitas barang cukup bagus, packing cukup aman dan rapi'),('139','PBL00346','BRG010','4','kualitas barang bagus, pengiriman cepat, packing cukup rapi'),('14','PBL0025','BRG027','4','barang bagus, kualitas cukup bagus'),('140','PBL00347','BRG011','5','barang bagus dan  sangat memuaskan, packing rapi dan pengiriman cepat'),('141','PBL00348','BRG012','1','kualitas barang buruk sekali'),('142','PBL00349','BRG014','2','barang cukup buruk, masih bisa digunakan meskipun ada cacat'),('143','PBL00350','BRG015','3','barang sampai dengan cukup baik, fungsinya berjalan normal'),('144','PBL00351','BRG016','4','pengiriman cepat, barang bagus, packing lumayan rapi'),('145','PBL00352','BRG017','5','barang sangat memuaskan dan sesuai, pengiriman cepat'),('146','PBL00371','BRG037','1','packing tidak aman dan kualitas barang juga buruk'),('147','PBL00372','BRG038','2','barang tidak berfungsi sebagaimana mestinya tetapi packing lumayan rapi'),('148','PBL00373','BRG039','3','packing rapi dan pengiriman cepat, kualitas barang standar'),('149','PBL00374','BRG040','4','barang bagus, kualitasnya juga cukup baik'),('15','PBL0026','BRG028','5','pengiriman cepat, barang berkualitas oke'),('150','PBL00375','BRG041','5','packing rapi dan aman, pengiriman cepat, barang bagus sekali'),('151','PBL00376','BRG042','1','kualitas barang tidak bagus, packing asal-asalan dan pengirimannya lama sekali'),('152','PBL00377','BRG043','2','barang lumayan jelek dan berfungsi tidak baik, pengiriman lumayan lama'),('153','PBL00378','BRG044','3','kualitas cukup bagus, barang berfungsi normal dan packing rapi'),('154','PBL00384','BRG050','4','kualitas barang bagus, berfungsi dengan baik dan pengirimannya cepat'),('155','PBL00385','BRG001','5','barang sangat bagus dan memuaskan sesuai ekspektasi, harganya lebih murah dari yang lain'),('156','PBL00386','BRG002','1','barang sangat mengecewakan dengan kualitas jelek'),('157','PBL00387','BRG003','2','kualitas barang cukup jelek karena masih ada cacat, tapi tetap bisa dipakai'),('158','PBL00388','BRG004','3','barang cukup bagus dan kualitasnya cukup baik, packing rapi'),('159','PBL00389','BRG005','4','kualitas barang bagus dan berfungsi dengan baik'),('16','PBL0027','BRG029','1','pengiriman lama sekali, barang juga jelek'),('160','PBL00397','BRG014','5','barang sangat bagus dan kualitasnya sangat baik, pengirimannya juga cepat'),('161','PBL00398','BRG015','1','barang ternyata jelek, ditambah pengirimannya lama sekali'),('162','PBL00399','BRG016','2','barang tidak berfungsi lancar karena masih ada cacat, kualitasnya agak buruk'),('163','PBL00400','BRG017','3','packing oke dan rapi, kualitas barang juga cukup baik'),('164','PBL00401','BRG018','4','barang sampai dengan aman, kualitasnya baik'),('165','PBL00402','BRG019','5','barang sangat bagus dan berkualitas tinggi, pengiriman cepat'),('166','PBL00425','BRG043','1','barang jelek, tidak sesuai ekspektasi dan tidak sesuai'),('167','PBL00426','BRG044','2','ada yang tidak berfungsi dengan baik, kualitas barang standar'),('168','PBL00427','BRG045','3','barang cukup bagus, kualitas cukup oke'),('169','PBL00428','BRG046','4','barang bagus dan packing rapi'),('17','PBL0028','BRG030','2','pengiriman lama, barang cacat'),('170','PBL00429','BRG047','5','kualitas barang sangat bagus, pengiriman cepat, packing rapi'),('171','PBL00430','BRG048','1','barang mengecewakan, kualitas jelek'),('172','PBL00431','BRG049','2','barang cukup mengecewakan dan tidak berfungsi dengan sempurna'),('173','PBL00432','BRG050','3','kualitas cukup baik, berfungsi dengan baik'),('174','PBL00444','BRG012','4','kualitas barang memuaskan, dan tidak ada cacat'),('175','PBL00445','BRG014','5','barangnya sangat memuaskan, packingnya juga sangat rapi'),('176','PBL00446','BRG015','1','barang yang datang mengecewakan, kualitas jelek'),('177','PBL00447','BRG016','2','kualitas barang cukup jelek, ada beberapa minus'),('178','PBL00448','BRG017','3','barang cukup bagus'),('179','PBL00449','BRG018','4','barang bagus, berfungsi semua'),('18','PBL0029','BRG031','3','barang cukup oke, berfungsi cukup baik'),('180','PBL00450','BRG019','5','barang sangat bagus, kualitas bagus'),('181','PBL00457','BRG027','1','kualitas jelek, pengiriman lama'),('182','PBL00458','BRG028','2','barang tidak berfungsi dengan baik'),('183','PBL00459','BRG029','3','barang oke, kualitas cukup baik'),('184','PBL00460','BRG030','4','barang sudah sampai, kualitas oke'),('185','PBL00461','BRG031','5','barang sangat oke, pengiriman cepat dan packingnya rapi'),('186','PBL00462','BRG032','1','barang jelek banget, kualitas rendahan'),('187','PBL00463','BRG033','2','kualitas barang buruk karena ada beberapa cacat, tapi masih bisa berfungsi'),('188','PBL00470','BRG040','3','kualitas cukup baik, cukup memuaskan'),('189','PBL00471','BRG041','4','barang bagus, kualitas cukup bagus'),('19','PBL0036','BRG038','4','barang bagus, kualitas oke, pengiriman lumayan cepat'),('190','PBL00472','BRG042','5','barang berkualitas dan sangat bagus, pengiriman cepat'),('191','PBL00473','BRG043','1','pengiriman lama sekali, ternyata kualitas barang tidak sesuai yang diharapkan'),('192','PBL00474','BRG044','2','pengiriman agak lama, barang ada cacat sedikit'),('193','PBL00475','BRG045','3','barang cukup oke, berfungsi cukup baik'),('194','PBL00481','BRG001','4','barang bagus, packing rapi, pengiriman lumayan cepat'),('195','PBL00482','BRG002','5','barang sangat memuaskan, pengirimannya juga cepat'),('196','PBL00483','BRG003','1','barang jelek, tidak sesuai keinginan'),('197','PBL00484','BRG004','2','kualitas barang biasa saja, packing tidak rapi'),('198','PBL00485','BRG005','3','barang sampai dengan cukup bagus dan kualitas cukup baik'),('199','PBL00486','BRG006','4','barang bagus, pengiriman lumayan cepat dan packing rapi'),('2','PBL0002','BRG002','2','kualitas barang cukup jelek, ada beberapa minus'),('20','PBL0037','BRG039','5','barang yang datang sangat memuaskan, pengiriman juga cepat'),('200','PBL00487','BRG007','5','kualitas barang bagus sekali, pengiriman cepat, packing rapi'),('201','PBL00494','BRG015','1','barang mengecewakan karena ternyata kualitasnya jelek'),('202','PBL00495','BRG016','2','barang tidak berfungsi dengan sempurna, sedikit mengecewakan'),('203','PBL00496','BRG017','3','kualitas barang cukup oke dan dapat berfungsi dengan baik'),('204','PBL00497','BRG018','4','kualitas barang bagus, tidak ada cacat'),('205','PBL00498','BRG019','5','packing sangat rapi, kualitas barang sangat bagus dan tanpa minus'),('21','PBL0038','BRG040','1','barang jelek, tidak sesuai ekspektasi'),('22','PBL0039','BRG041','2','ada yang tidak berfungsi dengan baik, kualitas barang biasa saja'),('23','PBL0051','BRG003','3','barang cukup bagus, kualitas cukup oke'),('24','PBL0052','BRG004','4','barang bagus, packing rapi'),('25','PBL0053','BRG005','5','kualitas barang bagus sekali, pengiriman cepat, packing rapi'),('26','PBL0054','BRG006','1','barang mengecewakan, kualitas jelek'),('27','PBL0055','BRG007','2','cukup mengecewakan kualitasnya, barang tidak berfungsi dengan sempurna'),('28','PBL0056','BRG008','3','barang cukup oke, kualitas cukup baik, berfungsi dengan baik'),('29','PBL0057','BRG009','4','kualitas barang memuaskan, tanpa cacat'),('3','PBL0003','BRG003','3','barang cukup bagus'),('30','PBL0058','BRG010','5','sangat memuaskan barangnya, packing sangat rapi, tanpa minus'),('31','PBL0059','BRG011','1','kualitas jelek, barang seperti tidak baru'),('32','PBL0071','BRG025','2','barang jelek, tapi masih bisa dipakai'),('33','PBL0072','BRG026','3','kualitas barang cukup baik, berfungsi cukup baik'),('34','PBL0073','BRG027','4','kualitas barang bagus, pengiriman cukup cepat'),('35','PBL0074','BRG028','5','barang sangat bagus, tidak ada cacat sama sekali'),('36','PBL0075','BRG029','1','barang mengecewakan, kualitas jelek'),('37','PBL0076','BRG030','2','barang kurang bagus, masih ada minus dan cacat'),('38','PBL0077','BRG031','3','barang oke, kualitas cukup bagus'),('39','PBL0089','BRG043','4','kualitas baik, barang bagus tanpa minus'),('4','PBL0007','BRG007','4','barang bagus, berfungsi semua'),('40','PBL0090','BRG044','5','kualitas barang sangat memuaskan, pengiriman cepat'),('41','PBL0091','BRG045','1','barang tidak oke, kualitas buruk sekali'),('42','PBL0092','BRG046','2','kualitas cukup buruk dan mengecewakan'),('43','PBL0093','BRG047','3','kualitas cukup baik, barang cukup bagus'),('44','PBL0094','BRG048','4','pengiriman cepat, barang bagus dan oke'),('45','PBL0095','BRG049','5','kualitas barang bagus dan memuaskan, pengiriman cepat'),('46','PBL00100','BRG004','1','pengiriman lambat, kualitas barang jelek'),('47','PBL00101','BRG005','2','barang masih ada minus dan cacat, kualitas biasa'),('48','PBL00102','BRG006','3','barang cukup baik, cacat sedikit tapi tidak mengganggu fungsi keseluruhan'),('49','PBL00103','BRG007','4','barang sampai tanpa cacat, fungsi berjalan normal'),('5','PBL0008','BRG008','5','barang sangat bagus, kualitas bagus'),('50','PBL00104','BRG008','5','kualitas barang sangat bagus, tidak ada cacat dan minus sama sekali'),('51','PBL00105','BRG009','1','packing tidak rapi, kualitas barang jelek'),('52','PBL00106','BRG010','2','pengiriman cukup lama, barang lumayan jelek'),('53','PBL00107','BRG011','3','packing lumayan rapi, kualitas barang oke'),('54','PBL00119','BRG025','4','packing dan kualitas barang cukup memuaskan'),('55','PBL00120','BRG026','5','barang bagus sekali, pengiriman juga cepat'),('56','PBL00121','BRG027','1','barang jelek, pengiriman sangat lama'),('57','PBL00122','BRG028','2','barang masih banyak cacat, pengiriman lumayan lama'),('58','PBL00123','BRG029','3','barang cukup bagus, packing rapi'),('59','PBL00124','BRG030','4','barang oke, kualitas baik'),('6','PBL0009','BRG009','1','kualitas jelek, pengiriman lama'),('60','PBL00125','BRG031','5','barang sangat bagus dan memuaskan, pengiriman cepat'),('61','PBL00132','BRG038','1','packing tidak aman, kualitas barang juga jelek'),('62','PBL00133','BRG039','2','barang cukup mengecewakan, packing lumayan rapi'),('63','PBL00134','BRG040','3','packing rapi, kualitas barang biasa'),('64','PBL00135','BRG041','4','barang cukup bagus, kualitasnya cukup baik'),('65','PBL00136','BRG042','5','packing rapi dan aman, barang bagus, kualitasnya oke'),('66','PBL00137','BRG043','1','kualitas buruk, packing asal-asalan'),('67','PBL00138','BRG044','2','barang cukup jelek, pengiriman lumayan lama'),('68','PBL00147','BRG003','3','kualitas cukup bagus, packing rapi'),('69','PBL00148','BRG004','4','kualitas barang bagus dan berfungsi dengan baik'),('7','PBL0010','BRG010','2','barang tidak berfungsi dengan baik'),('70','PBL00149','BRG005','5','pengiriman cepat, barang sangat bagus dan memuaskan'),('71','PBL00150','BRG006','1','barang sangat mengecewakan, kualitas jelek'),('72','PBL00151','BRG007','2','kualitas barang cukup jelek, masih ada cacat'),('73','PBL00152','BRG008','3','barang cukup bagus, kualitas cukup baik'),('74','PBL00170','BRG028','4','kualitas barang bagus dan berfungsi normal'),('75','PBL00171','BRG029','5','barang sangat bagus, kualitas sangat baik'),('76','PBL00172','BRG030','1','barang jelek, pengiriman lama sekali'),('77','PBL00173','BRG031','2','barang tidak berfungsi dengan baik, masih ada cacat'),('78','PBL00174','BRG032','3','packing oke, kualitas barang cukup baik'),('79','PBL00175','BRG033','4','barang sudah sampai dengan selamat, kualitas baik'),('8','PBL0011','BRG011','3','barang oke, kualitas cukup baik'),('80','PBL00176','BRG034','5','barang sangat bagus, tidak ada cacat'),('81','PBL00183','BRG041','1','barang jelek banget, banyak cacat dan rusak'),('82','PBL00184','BRG042','2','barang ada cacat fisik tapi masih berfungsi, kualitas buruk'),('83','PBL00185','BRG043','3','kualitas cukup baik dan cukup memuaskan'),('84','PBL00186','BRG044','4','barang bagus, kualitas cukup baik dan pengirimannya cepat'),('85','PBL00187','BRG045','5','pengiriman cepat, barang sangat bagus dan  berkualitas '),('86','PBL00188','BRG046','1','pengiriman lama sekali, barang yang sampai berkualitas jelek'),('87','PBL00189','BRG047','2','barang tidak berfungsi dengan baik, pengiriman lambat'),('88','PBL00195','BRG003','3','barang cukup oke dan berfungsi cukup baik'),('89','PBL00196','BRG004','4','barang berkualitas dan  pengiriman lumayan cepat'),('9','PBL0012','BRG012','4','barang sudah sampai, kualitas oke'),('90','PBL00197','BRG005','5','barang yang datang sangat bagus, pengiriman juga cepat'),('91','PBL00198','BRG006','1','barang tidak sesuai ekspektasi, kualitasnya mengecewakan'),('92','PBL00199','BRG007','2','barang ada cacat dan tidak berfungsi dengan baik, kualitas biasa saja'),('93','PBL00200','BRG008','3','barang cukup bagus dan kualitasnya cukup baik'),('94','PBL00201','BRG009','4','barang bagus, packing rapi dan pengirimannya cepat'),('95','PBL00216','BRG026','5','kualitas barang bagus sekali, pengiriman cepat, packing rapi'),('96','PBL00217','BRG027','1','packing tidak rapi dan kualitas barang mengecewakan'),('97','PBL00218','BRG028','2','pengiriman cukup lama, kualitas barang juga lumayan jelek'),('98','PBL00219','BRG029','3','packing lumayan rapi dan kualitas barang cukup baik'),('99','PBL00220','BRG030','4','packing rapi dan barang berfungsi dengan baik');
/*!40000 ALTER TABLE `REVIEW_BARANG` ENABLE KEYS */;
UNLOCK TABLES;

--
-- Table structure for table `TOKO`
--

DROP TABLE IF EXISTS `TOKO`;
/*!40101 SET @saved_cs_client     = @@character_set_client */;
/*!40101 SET character_set_client = utf8 */;
CREATE TABLE `TOKO` (
  `ID_TOKO` varchar(10) NOT NULL,
  `NAMA_TOKO` varchar(50) NOT NULL,
  `NOMOR_TELEPON_TOKO` decimal(20,0) NOT NULL,
  `USERNAME_TOKO` varchar(20) NOT NULL,
  `PASSWORD_TOKO` longtext NOT NULL,
  `EMAIL_TOKO` varchar(200) NOT NULL,
  `URL_TOKO` varchar(200) NOT NULL,
  `NOMOR_REKENING_TOKO` decimal(50,0) NOT NULL,
  `KOTA___TOKO` varchar(25) NOT NULL,
  `ALAMAT_TOKO` varchar(200) NOT NULL,
  PRIMARY KEY (`ID_TOKO`)
) ENGINE=InnoDB DEFAULT CHARSET=utf8;
/*!40101 SET character_set_client = @saved_cs_client */;

--
-- Dumping data for table `TOKO`
--

LOCK TABLES `TOKO` WRITE;
/*!40000 ALTER TABLE `TOKO` DISABLE KEYS */;
INSERT INTO `TOKO` VALUES ('TK07','NIR STORE',85267891807,'nirrin','nirrin07','nirrin@nir.com','www.nirrin.com',4444980728,'JAKARTA','Jl. Mangga Dua Raya'),('TK08','WOB NIAR STORE',85267891808,'wobniar','wobniar08','wobniar@wob.com','www.wobniar.com',4444990314,'MALANG','Jl. Rajawali'),('TK09','ES.CAR STORE',85267891809,'escar','escar09','escar_store@gmail.com','www.escarstore.co.id',4444990623,'SURABAYA','Jl. Kusuma Bangsa'),('TK10','FFLOWER STORE',85267891810,'fflower','fflower10','fflower_store@gmail.com','www.fflowerstore.co.id',4444990828,'SOLO','Jl. Veteran'),('TK11','GREENALIVE STORE',85267891811,'greenalive','greenalive11','greenalive@gra.com','www.greenalive.com',4444991015,'YOGYAKARTA','Jl. Saturnus Raya'),('TK12','CHE.R.RY STORE',85267891812,'cherry','cherry12','cherry_store@yahoo.com','www.cherrystore.co.id',4444870326,'BANDUNG','Jl. Raya Langsep');
/*!40000 ALTER TABLE `TOKO` ENABLE KEYS */;
UNLOCK TABLES;
/*!40103 SET TIME_ZONE=@OLD_TIME_ZONE */;

/*!40101 SET SQL_MODE=@OLD_SQL_MODE */;
/*!40014 SET FOREIGN_KEY_CHECKS=@OLD_FOREIGN_KEY_CHECKS */;
/*!40014 SET UNIQUE_CHECKS=@OLD_UNIQUE_CHECKS */;
/*!40101 SET CHARACTER_SET_CLIENT=@OLD_CHARACTER_SET_CLIENT */;
/*!40101 SET CHARACTER_SET_RESULTS=@OLD_CHARACTER_SET_RESULTS */;
/*!40101 SET COLLATION_CONNECTION=@OLD_COLLATION_CONNECTION */;
/*!40111 SET SQL_NOTES=@OLD_SQL_NOTES */;

-- Dump completed on 2018-09-18 21:17:11
