-- MySQL dump 10.13  Distrib 5.7.24, for Linux (x86_64)
--
-- Host: 172.104.45.230    Database: admin_BDL_2
-- ------------------------------------------------------
-- Server version	5.5.60-MariaDB

/*!40101 SET @OLD_CHARACTER_SET_CLIENT=@@CHARACTER_SET_CLIENT */;
/*!40101 SET @OLD_CHARACTER_SET_RESULTS=@@CHARACTER_SET_RESULTS */;
/*!40101 SET @OLD_COLLATION_CONNECTION=@@COLLATION_CONNECTION */;
/*!40101 SET NAMES utf8 */;
/*!40103 SET @OLD_TIME_ZONE=@@TIME_ZONE */;
/*!40103 SET TIME_ZONE='+00:00' */;
/*!40014 SET @OLD_UNIQUE_CHECKS=@@UNIQUE_CHECKS, UNIQUE_CHECKS=0 */;
/*!40014 SET @OLD_FOREIGN_KEY_CHECKS=@@FOREIGN_KEY_CHECKS, FOREIGN_KEY_CHECKS=0 */;
/*!40101 SET @OLD_SQL_MODE=@@SQL_MODE, SQL_MODE='NO_AUTO_VALUE_ON_ZERO' */;
/*!40111 SET @OLD_SQL_NOTES=@@SQL_NOTES, SQL_NOTES=0 */;

--
-- Table structure for table `BUKU`
--

DROP TABLE IF EXISTS `BUKU`;
/*!40101 SET @saved_cs_client     = @@character_set_client */;
/*!40101 SET character_set_client = utf8 */;
CREATE TABLE `BUKU` (
  `ID_BUKU` varchar(50) NOT NULL,
  `JUDUL_BUKU` varchar(50) DEFAULT NULL,
  `NAMA_PENERBIT` varchar(50) DEFAULT NULL,
  `TAHUN_TERBIT` varchar(50) DEFAULT NULL,
  `STOCK` int(11) DEFAULT NULL,
  `HARGA_BELI` int(11) DEFAULT NULL,
  `HARGA_SEWA` int(11) DEFAULT NULL,
  PRIMARY KEY (`ID_BUKU`)
) ENGINE=InnoDB DEFAULT CHARSET=utf8;
/*!40101 SET character_set_client = @saved_cs_client */;

--
-- Dumping data for table `BUKU`
--

LOCK TABLES `BUKU` WRITE;
/*!40000 ALTER TABLE `BUKU` DISABLE KEYS */;
INSERT INTO `BUKU` VALUES ('BK1','The Shining','Anchor	','2012',177,83400,15000),('BK10','The King in Yellow ','CreateSpace','2013',176,222432,30000),('BK11','Kumpulan Aplikasi Java','Elex Media Komputindo','2015',177,156000,25000),('BK12','Menjadi Mahir AutoCAD 2007','Elex Media Komputindo','2016',167,216000,30000),('BK13','Excel Akuntansi Kas','Elex Media Komputindo','2016',175,207000,30000),('BK14','Pemrograman Stored Procedure Pada Mysql+Cd','Andi Offset','2015',180,222000,30000),('BK15','Pemrograman Java dari Nol','Elex Media Komputindo','2015',172,314000,40000),('BK16','Panduan Lengkap Berinternet','Elex Media Komputindo','2015',172,340000,40000),('BK17','Internet untuk Guru dan Siswa','Elex Media Komputindo','2015',174,360000,43000),('BK18','24 Jam Belajar PHP','Elex Media Komputindo','2014',179,314000,40000),('BK19','Pemrograman Mobile dengan PhoneGap','Elex Media Komputindo','2013',186,253000,34000),('BK2','Haunted : A Novel in Stories','Anchor','2006',172,166824,25000),('BK20','TEKNIK MENGENDALIKAN PC DARI JARAK JAUH','Elex Media Komputindo','2013',178,407000,50000),('BK21','Nanti Kita Cerita Tentang Hari Ini','\n\nKepustakaan Populer Gramedia','2018',216,150000,35000),('BK22','Youtube For Dummies','Bhuana Ilmu Populer','2018',235,180000,40000),('BK23','Data Mining dan Big Data Analytics','Buku Kita Indo','2017',176,150000,37000),('BK24','Big Data Analytics','Packt Publishing','2017',181,200000,45000),('BK25','Digital Humanitarians How Big Data Is Changing the','CRC Press','2018',163,250000,55000),('BK26','Big data and social science a practical guide to m','CRC Press','2017',170,300000,65000),('BK27','Data Mining: Concepts and Techniques, Third Editio','Morgan Kaufman','2011',162,450000,95000),('BK28','Data Mining and Machine Learning in Building Energ','Wiley-ISTE','2016',11,1700000,400000),('BK29','Design for Flooding','Wiley','2010',27,1700000,389000),('BK3','The Haunting of Hill House','Penguin Classics','2006',174,152922,20000),('BK30','Basic Concepts in Data Structures','Cambridge University Press','2016',72,600000,150000),('BK31','Corrugated Iron','W. W. Norton & Company','2008',19,1100000,250000),('BK32','Teaching and Digital Technologies : Big Issues','Cambridge University Press','2015',39,950000,200000),('BK33','Encyclopedia of Machine Learning and Data Mining, ','Springer','2011',129,350000,78000),('BK34','Understanding Child and Adolescent Behaviour in th','Cambridge University Press','2015',68,900000,200000),('BK35','Expert Hadoop Administration : Managing, Tuning, a','Pearson Education (US)','2016',157,550000,150000),('BK36','An Introduction to Islamic Law ','Cambridge University Press','2009',275,600000,200000),('BK37','Practical Database Programming With Visual Basic N','John Wiley & Sons Inc','2012',174,500000,125000),('BK38','DNS and BIND - Cricket Liu & Paul Albitz (5th Edit','Cricket Liu & Paul Albitz','2006',268,420000,90000),('BK39','Law and Piety in Medieval Islam ','Cambridge University Press','2013',271,450000,100000),('BK4','The Turn of the Screw ','Tribeca Books','2014',173,69510,10000),('BK40','Big Data in Practice (Use Cases) ','John Wiley & Sons Inc','2016',73,600000,140000),('BK41','Big Data Big Analytics Emerging Business Intellige','John Wiley & Sons Inc','2013',96,1000000,220000),('BK42','International Business The Challenges of Globaliza','Pearson Education Limited','2015',143,650000,170000),('BK43','People Analytics in the Era of Big Data','Wiley','2016',177,800000,210000),('BK44','BIG DATA BIG ANALYTICS','Wiley','2013',177,789000,180000),('BK45','FEDERAL CLOUD COMPUTING: THE DEFINITIVE GUIDE FOR ','Syngress','2012',153,700000,160000),('BK46','Cyber Attacks: Protecting National Infrastructure','Butterworth-Heinemann','2012',124,800000,200000),('BK47','Intermediate Accounting IFRS 3e','Wiley','2017',80,700000,160000),('BK48','Hadoop: The Definitive Guide','O\'Reilly Media','2009',77,750000,187900),('BK49','Neo4j Cookbook','Packt Publishing','2015',169,650000,170000),('BK5','Books of Blood Volumes 1-3 ','Berkley','1998',176,236334,30000),('BK50','Practical Big Data Analytics: Hands-on techniques ','Packt Publishing','2018',222,690000,179000),('BK6','The Terror ','Brown and Company','2009',172,194628,25000),('BK7','John Dies at the End','Media tie-in ','2012',175,194628,25000),('BK8','The Exorcist ','Harper Paperbacks','2011',169,264138,35000),('BK9','The Call of Cthulhu and Other Weird Stories ','CreateSpace','2010',174,83412,15000);
/*!40000 ALTER TABLE `BUKU` ENABLE KEYS */;
UNLOCK TABLES;

--
-- Table structure for table `CATATAN_PENGEMBALIAN`
--

DROP TABLE IF EXISTS `CATATAN_PENGEMBALIAN`;
/*!40101 SET @saved_cs_client     = @@character_set_client */;
/*!40101 SET character_set_client = utf8 */;
CREATE TABLE `CATATAN_PENGEMBALIAN` (
  `KODE_PINJAM` varchar(50) NOT NULL,
  `ID_PENGEMBALIAN` varchar(50) NOT NULL,
  `ID_BUKU` varchar(50) NOT NULL,
  PRIMARY KEY (`KODE_PINJAM`,`ID_PENGEMBALIAN`,`ID_BUKU`),
  KEY `FK_CATATAN__PENGEMBAL_TRANSAKS2` (`ID_PENGEMBALIAN`),
  KEY `FK_CATATAN__PENGEMBALIAN_UPDATESTOCK` (`ID_BUKU`),
  CONSTRAINT `FK_CATATAN__PENGEMBALIAN_UPDATESTOCK` FOREIGN KEY (`ID_BUKU`) REFERENCES `BUKU` (`ID_BUKU`),
  CONSTRAINT `FK_CATATAN__PENGEMBAL_TRANSAKS` FOREIGN KEY (`KODE_PINJAM`) REFERENCES `TRANSAKSI_PINJAM` (`KODE_PINJAM`),
  CONSTRAINT `FK_CATATAN__PENGEMBAL_TRANSAKS2` FOREIGN KEY (`ID_PENGEMBALIAN`) REFERENCES `TRANSAKSI_PENGEMBALIAN` (`ID_PENGEMBALIAN`)
) ENGINE=InnoDB DEFAULT CHARSET=utf8;
/*!40101 SET character_set_client = @saved_cs_client */;

--
-- Dumping data for table `CATATAN_PENGEMBALIAN`
--

LOCK TABLES `CATATAN_PENGEMBALIAN` WRITE;
/*!40000 ALTER TABLE `CATATAN_PENGEMBALIAN` DISABLE KEYS */;
/*!40000 ALTER TABLE `CATATAN_PENGEMBALIAN` ENABLE KEYS */;
UNLOCK TABLES;

--
-- Table structure for table `CATATAN_PINJAM`
--

DROP TABLE IF EXISTS `CATATAN_PINJAM`;
/*!40101 SET @saved_cs_client     = @@character_set_client */;
/*!40101 SET character_set_client = utf8 */;
CREATE TABLE `CATATAN_PINJAM` (
  `ID_BUKU` varchar(50) NOT NULL,
  `KODE_PINJAM` varchar(50) NOT NULL,
  `MASA_PINJAM` int(11) DEFAULT NULL,
  PRIMARY KEY (`ID_BUKU`,`KODE_PINJAM`),
  KEY `FK_CATATAN__RELATIONS_TRANSAKS` (`KODE_PINJAM`),
  CONSTRAINT `FK_CATATAN__RELATIONS_TRANSAKS` FOREIGN KEY (`KODE_PINJAM`) REFERENCES `TRANSAKSI_PINJAM` (`KODE_PINJAM`),
  CONSTRAINT `FK_CATATAN__RELATIONS_BUKU` FOREIGN KEY (`ID_BUKU`) REFERENCES `BUKU` (`ID_BUKU`)
) ENGINE=InnoDB DEFAULT CHARSET=utf8;
/*!40101 SET character_set_client = @saved_cs_client */;

--
-- Dumping data for table `CATATAN_PINJAM`
--

LOCK TABLES `CATATAN_PINJAM` WRITE;
/*!40000 ALTER TABLE `CATATAN_PINJAM` DISABLE KEYS */;
INSERT INTO `CATATAN_PINJAM` VALUES ('BK1','PNJ1',9),('BK1','PNJ110',5),('BK1','PNJ169',12),('BK1','PNJ262',11),('BK1','PNJ29',12),('BK1','PNJ3',10),('BK1','PNJ33',7),('BK1','PNJ342',11),('BK1','PNJ363',8),('BK1','PNJ382',13),('BK1','PNJ433',5),('BK1','PNJ435',13),('BK1','PNJ472',9),('BK1','PNJ563',13),('BK1','PNJ690',7),('BK1','PNJ697',7),('BK1','PNJ725',9),('BK1','PNJ727',10),('BK1','PNJ906',15),('BK1','PNJ937',12),('BK1','PNJ959',11),('BK1','PNJ966',15),('BK1','PNJ97',13),('BK10','PNJ140',9),('BK10','PNJ266',5),('BK10','PNJ292',16),('BK10','PNJ313',10),('BK10','PNJ389',16),('BK10','PNJ393',16),('BK10','PNJ451',6),('BK10','PNJ463',11),('BK10','PNJ525',11),('BK10','PNJ598',5),('BK10','PNJ647',11),('BK10','PNJ67',7),('BK10','PNJ7',13),('BK10','PNJ724',12),('BK10','PNJ737',9),('BK10','PNJ796',16),('BK10','PNJ80',9),('BK10','PNJ817',8),('BK10','PNJ819',16),('BK10','PNJ929',15),('BK10','PNJ966',9),('BK10','PNJ972',16),('BK10','PNJ98',9),('BK10','PNJ992',7),('BK11','PNJ186',14),('BK11','PNJ329',6),('BK11','PNJ355',16),('BK11','PNJ402',5),('BK11','PNJ438',7),('BK11','PNJ439',15),('BK11','PNJ46',16),('BK11','PNJ467',14),('BK11','PNJ470',15),('BK11','PNJ478',11),('BK11','PNJ546',5),('BK11','PNJ560',13),('BK11','PNJ563',9),('BK11','PNJ586',11),('BK11','PNJ607',7),('BK11','PNJ690',13),('BK11','PNJ714',12),('BK11','PNJ724',11),('BK11','PNJ738',16),('BK11','PNJ741',15),('BK11','PNJ82',9),('BK11','PNJ838',6),('BK11','PNJ944',9),('BK12','PNJ110',6),('BK12','PNJ218',7),('BK12','PNJ233',8),('BK12','PNJ244',9),('BK12','PNJ281',8),('BK12','PNJ345',10),('BK12','PNJ350',5),('BK12','PNJ385',6),('BK12','PNJ400',10),('BK12','PNJ409',13),('BK12','PNJ431',16),('BK12','PNJ444',8),('BK12','PNJ45',8),('BK12','PNJ472',15),('BK12','PNJ480',15),('BK12','PNJ481',8),('BK12','PNJ53',6),('BK12','PNJ538',13),('BK12','PNJ609',12),('BK12','PNJ629',13),('BK12','PNJ641',13),('BK12','PNJ644',6),('BK12','PNJ645',5),('BK12','PNJ658',13),('BK12','PNJ665',9),('BK12','PNJ676',5),('BK12','PNJ713',12),('BK12','PNJ78',13),('BK12','PNJ860',11),('BK12','PNJ942',11),('BK12','PNJ957',16),('BK12','PNJ966',12),('BK12','PNJ975',10),('BK13','PNJ103',8),('BK13','PNJ112',10),('BK13','PNJ155',6),('BK13','PNJ180',10),('BK13','PNJ181',14),('BK13','PNJ183',8),('BK13','PNJ190',10),('BK13','PNJ265',16),('BK13','PNJ333',14),('BK13','PNJ395',5),('BK13','PNJ455',7),('BK13','PNJ465',8),('BK13','PNJ50',16),('BK13','PNJ592',15),('BK13','PNJ729',7),('BK13','PNJ738',7),('BK13','PNJ822',11),('BK13','PNJ84',14),('BK13','PNJ86',7),('BK13','PNJ863',6),('BK13','PNJ892',6),('BK13','PNJ897',11),('BK13','PNJ926',8),('BK13','PNJ937',10),('BK13','PNJ955',16),('BK14','PNJ117',15),('BK14','PNJ137',5),('BK14','PNJ171',7),('BK14','PNJ223',6),('BK14','PNJ245',15),('BK14','PNJ251',10),('BK14','PNJ320',13),('BK14','PNJ338',15),('BK14','PNJ409',11),('BK14','PNJ421',12),('BK14','PNJ435',8),('BK14','PNJ440',12),('BK14','PNJ610',7),('BK14','PNJ655',7),('BK14','PNJ71',16),('BK14','PNJ767',11),('BK14','PNJ774',11),('BK14','PNJ886',8),('BK14','PNJ942',11),('BK14','PNJ973',7),('BK15','PNJ111',16),('BK15','PNJ149',12),('BK15','PNJ184',8),('BK15','PNJ197',11),('BK15','PNJ253',8),('BK15','PNJ255',11),('BK15','PNJ374',13),('BK15','PNJ401',6),('BK15','PNJ448',12),('BK15','PNJ449',11),('BK15','PNJ453',12),('BK15','PNJ455',6),('BK15','PNJ502',15),('BK15','PNJ517',14),('BK15','PNJ596',13),('BK15','PNJ616',12),('BK15','PNJ643',12),('BK15','PNJ689',10),('BK15','PNJ69',12),('BK15','PNJ693',7),('BK15','PNJ7',8),('BK15','PNJ716',13),('BK15','PNJ717',15),('BK15','PNJ753',8),('BK15','PNJ845',14),('BK15','PNJ888',6),('BK15','PNJ93',16),('BK15','PNJ964',13),('BK16','PNJ189',16),('BK16','PNJ191',13),('BK16','PNJ311',15),('BK16','PNJ336',9),('BK16','PNJ356',13),('BK16','PNJ363',5),('BK16','PNJ372',5),('BK16','PNJ381',8),('BK16','PNJ397',5),('BK16','PNJ447',12),('BK16','PNJ533',6),('BK16','PNJ537',16),('BK16','PNJ543',8),('BK16','PNJ562',8),('BK16','PNJ570',13),('BK16','PNJ616',12),('BK16','PNJ626',10),('BK16','PNJ638',10),('BK16','PNJ680',13),('BK16','PNJ687',7),('BK16','PNJ694',5),('BK16','PNJ7',13),('BK16','PNJ810',14),('BK16','PNJ855',14),('BK16','PNJ877',9),('BK16','PNJ88',8),('BK16','PNJ957',10),('BK16','PNJ988',13),('BK17','PNJ117',10),('BK17','PNJ180',11),('BK17','PNJ213',13),('BK17','PNJ217',7),('BK17','PNJ260',13),('BK17','PNJ39',8),('BK17','PNJ401',12),('BK17','PNJ448',7),('BK17','PNJ493',11),('BK17','PNJ504',7),('BK17','PNJ53',5),('BK17','PNJ565',16),('BK17','PNJ571',10),('BK17','PNJ585',14),('BK17','PNJ590',12),('BK17','PNJ639',16),('BK17','PNJ641',5),('BK17','PNJ65',16),('BK17','PNJ731',6),('BK17','PNJ748',5),('BK17','PNJ766',10),('BK17','PNJ789',12),('BK17','PNJ805',15),('BK17','PNJ882',8),('BK17','PNJ913',8),('BK17','PNJ982',13),('BK18','PNJ127',6),('BK18','PNJ192',10),('BK18','PNJ195',16),('BK18','PNJ204',10),('BK18','PNJ213',7),('BK18','PNJ238',15),('BK18','PNJ297',7),('BK18','PNJ400',11),('BK18','PNJ517',9),('BK18','PNJ521',12),('BK18','PNJ561',16),('BK18','PNJ611',16),('BK18','PNJ615',8),('BK18','PNJ656',9),('BK18','PNJ713',5),('BK18','PNJ775',13),('BK18','PNJ779',15),('BK18','PNJ821',15),('BK18','PNJ898',14),('BK18','PNJ956',8),('BK18','PNJ992',13),('BK19','PNJ205',9),('BK19','PNJ209',6),('BK19','PNJ275',13),('BK19','PNJ310',5),('BK19','PNJ355',5),('BK19','PNJ456',5),('BK19','PNJ492',5),('BK19','PNJ533',9),('BK19','PNJ540',12),('BK19','PNJ658',7),('BK19','PNJ814',7),('BK19','PNJ895',7),('BK19','PNJ919',10),('BK19','PNJ922',13),('BK2','PNJ111',8),('BK2','PNJ118',6),('BK2','PNJ132',16),('BK2','PNJ139',11),('BK2','PNJ147',7),('BK2','PNJ178',10),('BK2','PNJ181',7),('BK2','PNJ200',12),('BK2','PNJ226',7),('BK2','PNJ228',16),('BK2','PNJ240',14),('BK2','PNJ281',15),('BK2','PNJ34',5),('BK2','PNJ389',6),('BK2','PNJ421',7),('BK2','PNJ453',12),('BK2','PNJ459',15),('BK2','PNJ464',15),('BK2','PNJ486',13),('BK2','PNJ589',8),('BK2','PNJ64',15),('BK2','PNJ724',14),('BK2','PNJ744',10),('BK2','PNJ807',15),('BK2','PNJ81',6),('BK2','PNJ830',7),('BK2','PNJ852',11),('BK2','PNJ992',8),('BK20','PNJ116',9),('BK20','PNJ137',8),('BK20','PNJ174',11),('BK20','PNJ211',9),('BK20','PNJ253',7),('BK20','PNJ265',7),('BK20','PNJ285',10),('BK20','PNJ315',9),('BK20','PNJ348',11),('BK20','PNJ360',16),('BK20','PNJ362',6),('BK20','PNJ509',9),('BK20','PNJ551',13),('BK20','PNJ700',15),('BK20','PNJ729',8),('BK20','PNJ741',12),('BK20','PNJ755',12),('BK20','PNJ759',15),('BK20','PNJ824',13),('BK20','PNJ926',6),('BK20','PNJ953',6),('BK20','PNJ992',15),('BK21','PNJ110',7),('BK21','PNJ111',14),('BK21','PNJ126',7),('BK21','PNJ167',11),('BK21','PNJ17',10),('BK21','PNJ183',5),('BK21','PNJ194',13),('BK21','PNJ219',13),('BK21','PNJ232',16),('BK21','PNJ245',9),('BK21','PNJ267',7),('BK21','PNJ360',10),('BK21','PNJ37',7),('BK21','PNJ376',6),('BK21','PNJ380',12),('BK21','PNJ382',8),('BK21','PNJ406',5),('BK21','PNJ427',5),('BK21','PNJ489',10),('BK21','PNJ50',5),('BK21','PNJ530',13),('BK21','PNJ565',12),('BK21','PNJ574',7),('BK21','PNJ621',14),('BK21','PNJ668',10),('BK21','PNJ686',9),('BK21','PNJ760',15),('BK21','PNJ807',14),('BK21','PNJ855',7),('BK21','PNJ863',5),('BK21','PNJ865',12),('BK21','PNJ868',11),('BK21','PNJ872',9),('BK21','PNJ983',7),('BK22','PNJ148',10),('BK22','PNJ318',15),('BK22','PNJ32',8),('BK22','PNJ322',9),('BK22','PNJ324',16),('BK22','PNJ339',15),('BK22','PNJ34',13),('BK22','PNJ366',7),('BK22','PNJ45',11),('BK22','PNJ516',15),('BK22','PNJ550',12),('BK22','PNJ564',6),('BK22','PNJ595',8),('BK22','PNJ606',16),('BK22','PNJ643',11),('BK22','PNJ664',12),('BK22','PNJ673',8),('BK22','PNJ696',13),('BK22','PNJ74',11),('BK22','PNJ754',14),('BK22','PNJ785',13),('BK22','PNJ8',15),('BK22','PNJ859',8),('BK22','PNJ88',14),('BK22','PNJ895',10),('BK22','PNJ999',12),('BK23','PNJ157',8),('BK23','PNJ200',7),('BK23','PNJ229',10),('BK23','PNJ248',8),('BK23','PNJ264',14),('BK23','PNJ359',13),('BK23','PNJ361',7),('BK23','PNJ363',12),('BK23','PNJ379',6),('BK23','PNJ423',7),('BK23','PNJ507',12),('BK23','PNJ516',11),('BK23','PNJ53',7),('BK23','PNJ531',16),('BK23','PNJ555',13),('BK23','PNJ636',13),('BK23','PNJ725',5),('BK23','PNJ786',13),('BK23','PNJ804',9),('BK23','PNJ826',10),('BK23','PNJ827',9),('BK23','PNJ833',11),('BK23','PNJ875',12),('BK23','PNJ932',15),('BK23','PNJ976',6),('BK24','PNJ188',11),('BK24','PNJ219',14),('BK24','PNJ222',5),('BK24','PNJ284',14),('BK24','PNJ330',12),('BK24','PNJ333',11),('BK24','PNJ493',5),('BK24','PNJ542',10),('BK24','PNJ568',12),('BK24','PNJ616',11),('BK24','PNJ629',9),('BK24','PNJ630',11),('BK24','PNJ639',15),('BK24','PNJ640',15),('BK24','PNJ665',10),('BK24','PNJ674',12),('BK24','PNJ690',14),('BK24','PNJ703',16),('BK24','PNJ783',9),('BK24','PNJ825',6),('BK24','PNJ832',7),('BK24','PNJ854',7),('BK24','PNJ884',12),('BK24','PNJ912',15),('BK24','PNJ934',15),('BK24','PNJ943',6),('BK24','PNJ951',8),('BK25','PNJ103',5),('BK25','PNJ141',11),('BK25','PNJ155',14),('BK25','PNJ160',12),('BK25','PNJ183',13),('BK25','PNJ292',8),('BK25','PNJ3',5),('BK25','PNJ347',7),('BK25','PNJ351',5),('BK25','PNJ370',5),('BK25','PNJ379',14),('BK25','PNJ383',13),('BK25','PNJ399',6),('BK25','PNJ407',9),('BK25','PNJ435',11),('BK25','PNJ45',9),('BK25','PNJ529',7),('BK25','PNJ566',7),('BK25','PNJ591',13),('BK25','PNJ663',15),('BK25','PNJ734',15),('BK25','PNJ752',9),('BK25','PNJ775',15),('BK25','PNJ942',6),('BK25','PNJ974',16),('BK25','PNJ997',7),('BK26','PNJ126',12),('BK26','PNJ177',16),('BK26','PNJ208',9),('BK26','PNJ218',10),('BK26','PNJ325',9),('BK26','PNJ336',10),('BK26','PNJ343',16),('BK26','PNJ379',16),('BK26','PNJ388',11),('BK26','PNJ389',6),('BK26','PNJ408',10),('BK26','PNJ413',9),('BK26','PNJ43',16),('BK26','PNJ453',7),('BK26','PNJ458',10),('BK26','PNJ470',5),('BK26','PNJ577',8),('BK26','PNJ618',12),('BK26','PNJ647',13),('BK26','PNJ730',8),('BK26','PNJ743',13),('BK26','PNJ758',13),('BK26','PNJ772',10),('BK26','PNJ805',13),('BK26','PNJ876',14),('BK26','PNJ923',13),('BK26','PNJ946',5),('BK26','PNJ982',13),('BK26','PNJ99',12),('BK27','PNJ125',16),('BK27','PNJ134',13),('BK27','PNJ142',13),('BK27','PNJ145',7),('BK27','PNJ173',11),('BK27','PNJ235',8),('BK27','PNJ253',13),('BK27','PNJ258',10),('BK27','PNJ29',12),('BK27','PNJ320',16),('BK27','PNJ462',14),('BK27','PNJ492',10),('BK27','PNJ54',11),('BK27','PNJ543',5),('BK27','PNJ545',5),('BK27','PNJ612',5),('BK27','PNJ625',9),('BK27','PNJ686',11),('BK27','PNJ713',5),('BK27','PNJ78',16),('BK27','PNJ807',13),('BK27','PNJ816',13),('BK27','PNJ865',12),('BK27','PNJ888',10),('BK27','PNJ979',11),('BK28','PNJ104',8),('BK28','PNJ13',10),('BK28','PNJ225',11),('BK28','PNJ252',7),('BK28','PNJ258',9),('BK28','PNJ262',15),('BK28','PNJ284',5),('BK28','PNJ307',13),('BK28','PNJ312',9),('BK28','PNJ356',9),('BK28','PNJ393',11),('BK28','PNJ445',7),('BK28','PNJ481',12),('BK28','PNJ503',16),('BK28','PNJ520',11),('BK28','PNJ542',6),('BK28','PNJ574',16),('BK28','PNJ587',14),('BK28','PNJ592',11),('BK28','PNJ621',8),('BK28','PNJ631',13),('BK28','PNJ66',16),('BK28','PNJ666',11),('BK28','PNJ694',14),('BK28','PNJ704',11),('BK28','PNJ739',8),('BK28','PNJ772',7),('BK28','PNJ802',7),('BK28','PNJ844',13),('BK28','PNJ86',9),('BK28','PNJ860',9),('BK28','PNJ862',7),('BK28','PNJ886',15),('BK28','PNJ903',13),('BK28','PNJ904',16),('BK28','PNJ973',10),('BK29','PNJ134',7),('BK29','PNJ146',6),('BK29','PNJ204',7),('BK29','PNJ281',8),('BK29','PNJ325',7),('BK29','PNJ377',7),('BK29','PNJ438',9),('BK29','PNJ610',11),('BK29','PNJ640',6),('BK29','PNJ668',7),('BK29','PNJ672',8),('BK29','PNJ709',8),('BK29','PNJ756',8),('BK29','PNJ805',6),('BK29','PNJ843',14),('BK29','PNJ851',14),('BK29','PNJ881',16),('BK29','PNJ919',16),('BK29','PNJ944',5),('BK29','PNJ947',6),('BK29','PNJ949',14),('BK29','PNJ98',16),('BK29','PNJ998',16),('BK3','PNJ204',8),('BK3','PNJ307',7),('BK3','PNJ319',8),('BK3','PNJ338',11),('BK3','PNJ341',8),('BK3','PNJ352',9),('BK3','PNJ359',13),('BK3','PNJ364',11),('BK3','PNJ4',6),('BK3','PNJ452',10),('BK3','PNJ658',14),('BK3','PNJ664',15),('BK3','PNJ706',10),('BK3','PNJ741',8),('BK3','PNJ751',7),('BK3','PNJ782',5),('BK3','PNJ789',6),('BK3','PNJ821',12),('BK3','PNJ825',7),('BK3','PNJ886',6),('BK3','PNJ899',16),('BK3','PNJ940',16),('BK3','PNJ941',9),('BK3','PNJ973',11),('BK3','PNJ976',16),('BK3','PNJ983',9),('BK30','PNJ145',10),('BK30','PNJ160',15),('BK30','PNJ234',7),('BK30','PNJ238',15),('BK30','PNJ258',10),('BK30','PNJ265',15),('BK30','PNJ313',11),('BK30','PNJ348',8),('BK30','PNJ363',6),('BK30','PNJ422',16),('BK30','PNJ424',5),('BK30','PNJ475',16),('BK30','PNJ519',7),('BK30','PNJ542',16),('BK30','PNJ560',15),('BK30','PNJ568',10),('BK30','PNJ642',13),('BK30','PNJ652',5),('BK30','PNJ747',15),('BK30','PNJ77',12),('BK30','PNJ832',10),('BK30','PNJ841',13),('BK30','PNJ855',8),('BK30','PNJ881',14),('BK30','PNJ917',11),('BK30','PNJ93',10),('BK30','PNJ975',5),('BK31','PNJ13',15),('BK31','PNJ156',15),('BK31','PNJ175',9),('BK31','PNJ205',15),('BK31','PNJ295',13),('BK31','PNJ296',14),('BK31','PNJ301',10),('BK31','PNJ304',6),('BK31','PNJ352',8),('BK31','PNJ360',10),('BK31','PNJ376',10),('BK31','PNJ38',6),('BK31','PNJ4',9),('BK31','PNJ486',8),('BK31','PNJ582',7),('BK31','PNJ593',12),('BK31','PNJ596',7),('BK31','PNJ659',13),('BK31','PNJ664',8),('BK31','PNJ669',16),('BK31','PNJ671',9),('BK31','PNJ690',14),('BK31','PNJ753',13),('BK31','PNJ769',14),('BK31','PNJ802',8),('BK31','PNJ818',16),('BK31','PNJ83',7),('BK31','PNJ855',6),('BK31','PNJ879',10),('BK31','PNJ921',9),('BK31','PNJ966',10),('BK32','PNJ131',14),('BK32','PNJ139',7),('BK32','PNJ199',6),('BK32','PNJ247',15),('BK32','PNJ284',12),('BK32','PNJ325',6),('BK32','PNJ334',9),('BK32','PNJ341',11),('BK32','PNJ419',9),('BK32','PNJ500',5),('BK32','PNJ526',12),('BK32','PNJ534',6),('BK32','PNJ579',6),('BK32','PNJ588',12),('BK32','PNJ609',16),('BK32','PNJ635',15),('BK32','PNJ680',15),('BK32','PNJ798',10),('BK32','PNJ878',6),('BK32','PNJ902',8),('BK32','PNJ923',5),('BK33','PNJ121',9),('BK33','PNJ123',15),('BK33','PNJ124',13),('BK33','PNJ139',16),('BK33','PNJ192',13),('BK33','PNJ201',7),('BK33','PNJ272',11),('BK33','PNJ319',10),('BK33','PNJ335',12),('BK33','PNJ414',15),('BK33','PNJ47',16),('BK33','PNJ473',10),('BK33','PNJ485',13),('BK33','PNJ561',11),('BK33','PNJ563',10),('BK33','PNJ646',12),('BK33','PNJ713',14),('BK33','PNJ739',11),('BK33','PNJ783',9),('BK33','PNJ88',12),('BK33','PNJ995',8),('BK34','PNJ114',5),('BK34','PNJ141',11),('BK34','PNJ169',15),('BK34','PNJ22',5),('BK34','PNJ252',14),('BK34','PNJ280',15),('BK34','PNJ281',13),('BK34','PNJ323',6),('BK34','PNJ380',16),('BK34','PNJ384',5),('BK34','PNJ39',12),('BK34','PNJ420',6),('BK34','PNJ45',13),('BK34','PNJ467',8),('BK34','PNJ516',15),('BK34','PNJ532',8),('BK34','PNJ608',12),('BK34','PNJ619',7),('BK34','PNJ62',9),('BK34','PNJ652',11),('BK34','PNJ7',7),('BK34','PNJ718',8),('BK34','PNJ757',7),('BK34','PNJ760',11),('BK34','PNJ766',9),('BK34','PNJ780',15),('BK34','PNJ795',9),('BK34','PNJ82',11),('BK34','PNJ925',10),('BK34','PNJ932',12),('BK34','PNJ946',8),('BK34','PNJ984',16),('BK35','PNJ101',8),('BK35','PNJ195',7),('BK35','PNJ215',12),('BK35','PNJ219',13),('BK35','PNJ266',16),('BK35','PNJ279',12),('BK35','PNJ307',13),('BK35','PNJ339',9),('BK35','PNJ372',16),('BK35','PNJ396',11),('BK35','PNJ451',12),('BK35','PNJ481',16),('BK35','PNJ488',5),('BK35','PNJ493',12),('BK35','PNJ497',16),('BK35','PNJ543',11),('BK35','PNJ603',12),('BK35','PNJ637',14),('BK35','PNJ648',14),('BK35','PNJ652',10),('BK35','PNJ661',10),('BK35','PNJ662',5),('BK35','PNJ708',9),('BK35','PNJ756',6),('BK35','PNJ802',7),('BK35','PNJ810',15),('BK35','PNJ825',15),('BK35','PNJ859',8),('BK35','PNJ884',6),('BK35','PNJ889',12),('BK35','PNJ943',15),('BK35','PNJ988',7),('BK36','PNJ142',11),('BK36','PNJ149',13),('BK36','PNJ164',11),('BK36','PNJ219',12),('BK36','PNJ288',6),('BK36','PNJ300',8),('BK36','PNJ306',9),('BK36','PNJ317',16),('BK36','PNJ318',8),('BK36','PNJ387',13),('BK36','PNJ39',11),('BK36','PNJ52',10),('BK36','PNJ582',12),('BK36','PNJ6',15),('BK36','PNJ61',13),('BK36','PNJ62',16),('BK36','PNJ646',15),('BK36','PNJ677',15),('BK36','PNJ744',11),('BK36','PNJ801',13),('BK36','PNJ816',14),('BK36','PNJ843',7),('BK36','PNJ853',7),('BK36','PNJ962',8),('BK36','PNJ984',15),('BK37','PNJ11',5),('BK37','PNJ123',11),('BK37','PNJ13',16),('BK37','PNJ132',10),('BK37','PNJ143',15),('BK37','PNJ163',14),('BK37','PNJ175',8),('BK37','PNJ189',7),('BK37','PNJ216',12),('BK37','PNJ245',10),('BK37','PNJ278',14),('BK37','PNJ335',7),('BK37','PNJ381',13),('BK37','PNJ436',9),('BK37','PNJ468',5),('BK37','PNJ472',15),('BK37','PNJ539',10),('BK37','PNJ581',16),('BK37','PNJ603',13),('BK37','PNJ67',16),('BK37','PNJ676',5),('BK37','PNJ689',5),('BK37','PNJ716',6),('BK37','PNJ783',9),('BK37','PNJ821',8),('BK37','PNJ953',11),('BK38','PNJ151',15),('BK38','PNJ172',16),('BK38','PNJ197',6),('BK38','PNJ214',16),('BK38','PNJ234',10),('BK38','PNJ258',12),('BK38','PNJ266',5),('BK38','PNJ274',10),('BK38','PNJ304',13),('BK38','PNJ354',14),('BK38','PNJ381',14),('BK38','PNJ39',12),('BK38','PNJ395',6),('BK38','PNJ418',9),('BK38','PNJ422',14),('BK38','PNJ500',10),('BK38','PNJ533',7),('BK38','PNJ550',10),('BK38','PNJ572',12),('BK38','PNJ596',10),('BK38','PNJ598',5),('BK38','PNJ681',10),('BK38','PNJ701',10),('BK38','PNJ774',11),('BK38','PNJ843',12),('BK38','PNJ874',9),('BK38','PNJ878',5),('BK38','PNJ918',16),('BK38','PNJ919',7),('BK38','PNJ949',14),('BK38','PNJ969',9),('BK39','PNJ124',14),('BK39','PNJ151',10),('BK39','PNJ190',5),('BK39','PNJ231',5),('BK39','PNJ267',5),('BK39','PNJ297',13),('BK39','PNJ306',15),('BK39','PNJ315',13),('BK39','PNJ343',15),('BK39','PNJ349',6),('BK39','PNJ384',5),('BK39','PNJ419',16),('BK39','PNJ427',12),('BK39','PNJ505',12),('BK39','PNJ506',14),('BK39','PNJ560',13),('BK39','PNJ567',12),('BK39','PNJ568',6),('BK39','PNJ607',16),('BK39','PNJ647',12),('BK39','PNJ686',13),('BK39','PNJ694',13),('BK39','PNJ704',16),('BK39','PNJ718',6),('BK39','PNJ731',15),('BK39','PNJ742',16),('BK39','PNJ745',9),('BK39','PNJ886',14),('BK39','PNJ924',16),('BK4','PNJ137',10),('BK4','PNJ173',14),('BK4','PNJ191',11),('BK4','PNJ266',9),('BK4','PNJ270',9),('BK4','PNJ304',13),('BK4','PNJ319',9),('BK4','PNJ33',14),('BK4','PNJ361',10),('BK4','PNJ403',7),('BK4','PNJ419',11),('BK4','PNJ451',15),('BK4','PNJ485',6),('BK4','PNJ557',6),('BK4','PNJ61',14),('BK4','PNJ623',6),('BK4','PNJ666',9),('BK4','PNJ717',10),('BK4','PNJ727',9),('BK4','PNJ80',14),('BK4','PNJ828',5),('BK4','PNJ834',10),('BK4','PNJ835',15),('BK4','PNJ840',8),('BK4','PNJ891',16),('BK4','PNJ892',13),('BK4','PNJ961',5),('BK40','PNJ103',15),('BK40','PNJ154',13),('BK40','PNJ187',5),('BK40','PNJ215',14),('BK40','PNJ219',5),('BK40','PNJ222',9),('BK40','PNJ33',15),('BK40','PNJ330',8),('BK40','PNJ407',8),('BK40','PNJ428',14),('BK40','PNJ443',14),('BK40','PNJ5',11),('BK40','PNJ53',16),('BK40','PNJ56',8),('BK40','PNJ583',7),('BK40','PNJ617',13),('BK40','PNJ641',8),('BK40','PNJ681',8),('BK40','PNJ707',9),('BK40','PNJ716',14),('BK40','PNJ739',11),('BK40','PNJ770',13),('BK40','PNJ803',14),('BK40','PNJ815',11),('BK40','PNJ901',11),('BK40','PNJ943',8),('BK40','PNJ953',5),('BK41','PNJ119',12),('BK41','PNJ17',10),('BK41','PNJ195',10),('BK41','PNJ266',7),('BK41','PNJ295',11),('BK41','PNJ324',10),('BK41','PNJ357',11),('BK41','PNJ360',12),('BK41','PNJ374',11),('BK41','PNJ434',5),('BK41','PNJ451',15),('BK41','PNJ458',9),('BK41','PNJ493',13),('BK41','PNJ518',16),('BK41','PNJ525',5),('BK41','PNJ578',7),('BK41','PNJ619',14),('BK41','PNJ768',12),('BK41','PNJ809',16),('BK41','PNJ835',6),('BK41','PNJ931',5),('BK41','PNJ936',16),('BK41','PNJ952',11),('BK41','PNJ993',15),('BK42','PNJ164',8),('BK42','PNJ405',5),('BK42','PNJ449',8),('BK42','PNJ534',16),('BK42','PNJ542',10),('BK42','PNJ701',16),('BK42','PNJ811',11),('BK42','PNJ813',13),('BK42','PNJ842',6),('BK42','PNJ845',10),('BK42','PNJ904',8),('BK42','PNJ938',7),('BK42','PNJ942',5),('BK42','PNJ943',13),('BK42','PNJ96',10),('BK42','PNJ961',14),('BK43','PNJ121',9),('BK43','PNJ138',14),('BK43','PNJ140',6),('BK43','PNJ204',11),('BK43','PNJ273',10),('BK43','PNJ407',7),('BK43','PNJ439',11),('BK43','PNJ440',14),('BK43','PNJ447',16),('BK43','PNJ466',10),('BK43','PNJ473',15),('BK43','PNJ490',7),('BK43','PNJ519',5),('BK43','PNJ527',7),('BK43','PNJ570',13),('BK43','PNJ615',12),('BK43','PNJ624',12),('BK43','PNJ641',12),('BK43','PNJ788',9),('BK43','PNJ839',12),('BK43','PNJ873',16),('BK43','PNJ932',6),('BK43','PNJ98',15),('BK44','PNJ185',6),('BK44','PNJ187',9),('BK44','PNJ193',16),('BK44','PNJ215',16),('BK44','PNJ243',16),('BK44','PNJ290',9),('BK44','PNJ297',15),('BK44','PNJ32',10),('BK44','PNJ35',11),('BK44','PNJ394',10),('BK44','PNJ412',5),('BK44','PNJ452',7),('BK44','PNJ486',12),('BK44','PNJ495',9),('BK44','PNJ541',7),('BK44','PNJ543',7),('BK44','PNJ604',13),('BK44','PNJ614',12),('BK44','PNJ617',12),('BK44','PNJ620',14),('BK44','PNJ639',6),('BK44','PNJ673',13),('BK44','PNJ680',14),('BK44','PNJ733',16),('BK44','PNJ792',8),('BK44','PNJ795',10),('BK44','PNJ821',12),('BK44','PNJ83',11),('BK44','PNJ893',11),('BK44','PNJ898',12),('BK44','PNJ904',16),('BK44','PNJ912',14),('BK44','PNJ956',14),('BK45','PNJ109',8),('BK45','PNJ120',6),('BK45','PNJ132',9),('BK45','PNJ23',12),('BK45','PNJ278',7),('BK45','PNJ286',5),('BK45','PNJ346',7),('BK45','PNJ406',16),('BK45','PNJ410',15),('BK45','PNJ418',10),('BK45','PNJ426',11),('BK45','PNJ428',12),('BK45','PNJ488',12),('BK45','PNJ552',14),('BK45','PNJ627',7),('BK45','PNJ644',11),('BK45','PNJ708',9),('BK45','PNJ732',8),('BK45','PNJ749',12),('BK45','PNJ792',8),('BK45','PNJ800',10),('BK45','PNJ86',6),('BK45','PNJ878',10),('BK45','PNJ923',11),('BK45','PNJ937',14),('BK45','PNJ947',7),('BK45','PNJ965',13),('BK46','PNJ168',12),('BK46','PNJ221',7),('BK46','PNJ250',12),('BK46','PNJ257',7),('BK46','PNJ258',11),('BK46','PNJ27',7),('BK46','PNJ287',10),('BK46','PNJ3',8),('BK46','PNJ466',7),('BK46','PNJ474',5),('BK46','PNJ481',8),('BK46','PNJ516',7),('BK46','PNJ535',5),('BK46','PNJ538',14),('BK46','PNJ604',5),('BK46','PNJ638',6),('BK46','PNJ680',7),('BK46','PNJ696',5),('BK46','PNJ701',7),('BK46','PNJ708',10),('BK46','PNJ732',9),('BK46','PNJ854',6),('BK46','PNJ917',9),('BK46','PNJ946',9),('BK46','PNJ976',7),('BK46','PNJ977',5),('BK47','PNJ166',9),('BK47','PNJ24',5),('BK47','PNJ298',16),('BK47','PNJ350',5),('BK47','PNJ358',15),('BK47','PNJ359',14),('BK47','PNJ39',11),('BK47','PNJ577',5),('BK47','PNJ590',8),('BK47','PNJ622',11),('BK47','PNJ672',9),('BK47','PNJ75',12),('BK47','PNJ783',12),('BK47','PNJ802',15),('BK47','PNJ83',9),('BK47','PNJ87',12),('BK47','PNJ900',12),('BK47','PNJ941',15),('BK47','PNJ947',13),('BK47','PNJ959',13),('BK48','PNJ112',8),('BK48','PNJ123',12),('BK48','PNJ165',15),('BK48','PNJ190',10),('BK48','PNJ203',5),('BK48','PNJ258',11),('BK48','PNJ261',16),('BK48','PNJ272',5),('BK48','PNJ281',16),('BK48','PNJ314',14),('BK48','PNJ370',7),('BK48','PNJ448',14),('BK48','PNJ48',7),('BK48','PNJ520',10),('BK48','PNJ540',12),('BK48','PNJ554',6),('BK48','PNJ608',10),('BK48','PNJ662',8),('BK48','PNJ685',16),('BK48','PNJ731',6),('BK48','PNJ762',14),('BK48','PNJ892',8),('BK48','PNJ924',5),('BK49','PNJ11',5),('BK49','PNJ116',14),('BK49','PNJ195',15),('BK49','PNJ211',13),('BK49','PNJ216',11),('BK49','PNJ336',7),('BK49','PNJ360',6),('BK49','PNJ376',9),('BK49','PNJ434',14),('BK49','PNJ457',8),('BK49','PNJ475',15),('BK49','PNJ479',6),('BK49','PNJ491',14),('BK49','PNJ501',10),('BK49','PNJ51',16),('BK49','PNJ544',9),('BK49','PNJ545',13),('BK49','PNJ559',11),('BK49','PNJ562',8),('BK49','PNJ635',10),('BK49','PNJ65',7),('BK49','PNJ786',14),('BK49','PNJ799',10),('BK49','PNJ808',16),('BK49','PNJ836',8),('BK49','PNJ874',16),('BK49','PNJ884',15),('BK49','PNJ939',16),('BK49','PNJ941',11),('BK49','PNJ973',14),('BK49','PNJ997',10),('BK5','PNJ109',7),('BK5','PNJ112',13),('BK5','PNJ15',8),('BK5','PNJ151',5),('BK5','PNJ163',10),('BK5','PNJ166',15),('BK5','PNJ175',6),('BK5','PNJ209',14),('BK5','PNJ233',16),('BK5','PNJ281',10),('BK5','PNJ285',13),('BK5','PNJ297',16),('BK5','PNJ305',14),('BK5','PNJ309',7),('BK5','PNJ375',8),('BK5','PNJ393',7),('BK5','PNJ447',13),('BK5','PNJ467',10),('BK5','PNJ514',16),('BK5','PNJ540',10),('BK5','PNJ562',8),('BK5','PNJ6',13),('BK5','PNJ752',15),('BK5','PNJ925',15),('BK50','PNJ125',16),('BK50','PNJ158',7),('BK50','PNJ183',10),('BK50','PNJ190',14),('BK50','PNJ27',8),('BK50','PNJ284',6),('BK50','PNJ289',14),('BK50','PNJ293',8),('BK50','PNJ295',10),('BK50','PNJ343',9),('BK50','PNJ385',11),('BK50','PNJ446',8),('BK50','PNJ497',11),('BK50','PNJ514',10),('BK50','PNJ567',9),('BK50','PNJ585',15),('BK50','PNJ616',13),('BK50','PNJ684',10),('BK50','PNJ710',14),('BK50','PNJ748',11),('BK50','PNJ75',9),('BK50','PNJ84',15),('BK50','PNJ841',15),('BK50','PNJ844',10),('BK50','PNJ918',5),('BK50','PNJ940',9),('BK50','PNJ945',15),('BK50','PNJ982',5),('BK6','PNJ152',15),('BK6','PNJ162',7),('BK6','PNJ2',12),('BK6','PNJ267',14),('BK6','PNJ278',8),('BK6','PNJ316',9),('BK6','PNJ326',14),('BK6','PNJ394',8),('BK6','PNJ457',9),('BK6','PNJ493',5),('BK6','PNJ509',10),('BK6','PNJ51',9),('BK6','PNJ537',7),('BK6','PNJ538',10),('BK6','PNJ55',9),('BK6','PNJ582',9),('BK6','PNJ635',6),('BK6','PNJ657',9),('BK6','PNJ667',12),('BK6','PNJ67',12),('BK6','PNJ681',16),('BK6','PNJ692',15),('BK6','PNJ71',9),('BK6','PNJ74',10),('BK6','PNJ809',13),('BK6','PNJ910',16),('BK6','PNJ925',8),('BK6','PNJ979',10),('BK7','PNJ103',11),('BK7','PNJ135',10),('BK7','PNJ160',9),('BK7','PNJ223',15),('BK7','PNJ274',6),('BK7','PNJ29',9),('BK7','PNJ318',14),('BK7','PNJ347',14),('BK7','PNJ351',16),('BK7','PNJ367',7),('BK7','PNJ39',11),('BK7','PNJ404',7),('BK7','PNJ448',11),('BK7','PNJ559',12),('BK7','PNJ684',15),('BK7','PNJ782',16),('BK7','PNJ8',15),('BK7','PNJ82',8),('BK7','PNJ876',6),('BK7','PNJ879',8),('BK7','PNJ880',14),('BK7','PNJ901',8),('BK7','PNJ934',15),('BK7','PNJ935',10),('BK7','PNJ94',12),('BK8','PNJ111',14),('BK8','PNJ113',14),('BK8','PNJ213',8),('BK8','PNJ221',5),('BK8','PNJ223',6),('BK8','PNJ270',5),('BK8','PNJ274',5),('BK8','PNJ289',9),('BK8','PNJ30',8),('BK8','PNJ314',10),('BK8','PNJ385',13),('BK8','PNJ463',15),('BK8','PNJ5',13),('BK8','PNJ554',12),('BK8','PNJ564',7),('BK8','PNJ571',11),('BK8','PNJ598',13),('BK8','PNJ657',7),('BK8','PNJ687',9),('BK8','PNJ702',10),('BK8','PNJ757',12),('BK8','PNJ764',12),('BK8','PNJ795',5),('BK8','PNJ831',16),('BK8','PNJ848',12),('BK8','PNJ85',12),('BK8','PNJ888',10),('BK8','PNJ910',6),('BK8','PNJ936',15),('BK8','PNJ980',11),('BK8','PNJ988',5),('BK9','PNJ104',7),('BK9','PNJ147',14),('BK9','PNJ155',13),('BK9','PNJ221',11),('BK9','PNJ239',8),('BK9','PNJ245',5),('BK9','PNJ278',14),('BK9','PNJ305',14),('BK9','PNJ353',7),('BK9','PNJ356',13),('BK9','PNJ394',11),('BK9','PNJ444',12),('BK9','PNJ466',13),('BK9','PNJ467',6),('BK9','PNJ498',7),('BK9','PNJ500',15),('BK9','PNJ502',9),('BK9','PNJ536',16),('BK9','PNJ582',16),('BK9','PNJ600',5),('BK9','PNJ660',15),('BK9','PNJ811',5),('BK9','PNJ846',9),('BK9','PNJ95',11),('BK9','PNJ959',10),('BK9','PNJ988',5);
/*!40000 ALTER TABLE `CATATAN_PINJAM` ENABLE KEYS */;
UNLOCK TABLES;

--
-- Table structure for table `DENDA`
--

DROP TABLE IF EXISTS `DENDA`;
/*!40101 SET @saved_cs_client     = @@character_set_client */;
/*!40101 SET character_set_client = utf8 */;
CREATE TABLE `DENDA` (
  `ID_DENDA` varchar(50) NOT NULL,
  `ID_PENGEMBALIAN` varchar(50) DEFAULT NULL,
  `NOMINAL` decimal(12,0) DEFAULT NULL,
  PRIMARY KEY (`ID_DENDA`),
  KEY `FK_DENDA_RELATIONS_TRANSAKS` (`ID_PENGEMBALIAN`),
  CONSTRAINT `FK_DENDA_RELATIONS_TRANSAKS` FOREIGN KEY (`ID_PENGEMBALIAN`) REFERENCES `TRANSAKSI_PENGEMBALIAN` (`ID_PENGEMBALIAN`)
) ENGINE=InnoDB DEFAULT CHARSET=utf8;
/*!40101 SET character_set_client = @saved_cs_client */;

--
-- Dumping data for table `DENDA`
--

LOCK TABLES `DENDA` WRITE;
/*!40000 ALTER TABLE `DENDA` DISABLE KEYS */;
/*!40000 ALTER TABLE `DENDA` ENABLE KEYS */;
UNLOCK TABLES;

--
-- Table structure for table `TRANSAKSI_PENGEMBALIAN`
--

DROP TABLE IF EXISTS `TRANSAKSI_PENGEMBALIAN`;
/*!40101 SET @saved_cs_client     = @@character_set_client */;
/*!40101 SET character_set_client = utf8 */;
CREATE TABLE `TRANSAKSI_PENGEMBALIAN` (
  `ID_PENGEMBALIAN` varchar(50) NOT NULL,
  `TGL_PENGEMBALIAN` date DEFAULT NULL,
  `ID_BUKU` varchar(50) NOT NULL,
  PRIMARY KEY (`ID_PENGEMBALIAN`,`ID_BUKU`)
) ENGINE=InnoDB DEFAULT CHARSET=utf8;
/*!40101 SET character_set_client = @saved_cs_client */;

--
-- Dumping data for table `TRANSAKSI_PENGEMBALIAN`
--

LOCK TABLES `TRANSAKSI_PENGEMBALIAN` WRITE;
/*!40000 ALTER TABLE `TRANSAKSI_PENGEMBALIAN` DISABLE KEYS */;
/*!40000 ALTER TABLE `TRANSAKSI_PENGEMBALIAN` ENABLE KEYS */;
UNLOCK TABLES;

--
-- Table structure for table `TRANSAKSI_PINJAM`
--

DROP TABLE IF EXISTS `TRANSAKSI_PINJAM`;
/*!40101 SET @saved_cs_client     = @@character_set_client */;
/*!40101 SET character_set_client = utf8 */;
CREATE TABLE `TRANSAKSI_PINJAM` (
  `KODE_PINJAM` varchar(50) NOT NULL,
  `ID_USER` varchar(50) DEFAULT NULL,
  `TGL_PINJAM` date NOT NULL,
  PRIMARY KEY (`KODE_PINJAM`),
  KEY `FK_TRANSAKS_RELATIONS_USER` (`ID_USER`),
  CONSTRAINT `FK_TRANSAKS_RELATIONS_USER` FOREIGN KEY (`ID_USER`) REFERENCES `USER` (`ID_USER`)
) ENGINE=InnoDB DEFAULT CHARSET=utf8;
/*!40101 SET character_set_client = @saved_cs_client */;

--
-- Dumping data for table `TRANSAKSI_PINJAM`
--

LOCK TABLES `TRANSAKSI_PINJAM` WRITE;
/*!40000 ALTER TABLE `TRANSAKSI_PINJAM` DISABLE KEYS */;
INSERT INTO `TRANSAKSI_PINJAM` VALUES ('PNJ1','USR12','2018-01-20'),('PNJ10','USR7','2018-09-20'),('PNJ100','USR17','2018-10-02'),('PNJ1000','USR13','2018-04-30'),('PNJ101','USR9','2018-02-28'),('PNJ102','USR7','2018-10-15'),('PNJ103','USR6','2018-09-30'),('PNJ104','USR11','2018-01-19'),('PNJ105','USR7','2018-12-21'),('PNJ106','USR6','2018-01-03'),('PNJ107','USR12','2018-09-07'),('PNJ108','USR5','2018-05-30'),('PNJ109','USR9','2018-06-15'),('PNJ11','USR9','2018-10-17'),('PNJ110','USR13','2018-09-10'),('PNJ111','USR4','2018-12-04'),('PNJ112','USR11','2018-09-26'),('PNJ113','USR12','2018-06-13'),('PNJ114','USR10','2018-02-11'),('PNJ115','USR14','2018-08-21'),('PNJ116','USR10','2018-11-24'),('PNJ117','USR7','2018-06-09'),('PNJ118','USR8','2018-12-28'),('PNJ119','USR11','2018-07-05'),('PNJ12','USR10','2018-03-20'),('PNJ120','USR4','2018-06-21'),('PNJ121','USR4','2018-03-01'),('PNJ122','USR7','2018-12-08'),('PNJ123','USR10','2018-07-26'),('PNJ124','USR13','2018-03-18'),('PNJ125','USR6','2018-11-28'),('PNJ126','USR17','2018-02-20'),('PNJ127','USR7','2018-08-13'),('PNJ128','USR16','2018-04-16'),('PNJ129','USR4','2018-06-21'),('PNJ13','USR5','2018-12-06'),('PNJ130','USR5','2018-06-13'),('PNJ131','USR4','2018-11-03'),('PNJ132','USR9','2018-06-02'),('PNJ133','USR12','2018-08-06'),('PNJ134','USR7','2018-01-27'),('PNJ135','USR10','2018-09-05'),('PNJ136','USR11','2018-04-29'),('PNJ137','USR14','2018-04-06'),('PNJ138','USR13','2018-03-03'),('PNJ139','USR7','2018-03-09'),('PNJ14','USR12','2018-09-18'),('PNJ140','USR13','2018-03-03'),('PNJ141','USR6','2018-11-12'),('PNJ142','USR11','2018-03-22'),('PNJ143','USR14','2018-05-16'),('PNJ144','USR5','2018-10-25'),('PNJ145','USR13','2018-09-16'),('PNJ146','USR11','2018-01-22'),('PNJ147','USR16','2018-04-06'),('PNJ148','USR15','2018-12-05'),('PNJ149','USR14','2018-06-10'),('PNJ15','USR6','2018-02-08'),('PNJ150','USR8','2018-07-20'),('PNJ151','USR17','2018-03-11'),('PNJ152','USR13','2018-01-14'),('PNJ153','USR4','2018-02-27'),('PNJ154','USR8','2018-06-25'),('PNJ155','USR12','2018-06-22'),('PNJ156','USR9','2018-03-08'),('PNJ157','USR10','2018-04-21'),('PNJ158','USR5','2018-05-24'),('PNJ159','USR9','2018-05-07'),('PNJ16','USR16','2018-08-22'),('PNJ160','USR5','2018-01-21'),('PNJ161','USR11','2018-05-24'),('PNJ162','USR16','2018-02-10'),('PNJ163','USR16','2018-10-07'),('PNJ164','USR13','2018-06-08'),('PNJ165','USR4','2018-11-20'),('PNJ166','USR6','2018-11-20'),('PNJ167','USR14','2018-06-05'),('PNJ168','USR12','2018-10-08'),('PNJ169','USR7','2018-02-05'),('PNJ17','USR8','2018-04-30'),('PNJ170','USR9','2018-08-16'),('PNJ171','USR15','2018-07-31'),('PNJ172','USR16','2018-09-23'),('PNJ173','USR9','2018-02-27'),('PNJ174','USR17','2018-12-07'),('PNJ175','USR12','2018-04-30'),('PNJ176','USR8','2018-02-09'),('PNJ177','USR5','2018-11-20'),('PNJ178','USR4','2018-04-02'),('PNJ179','USR5','2018-06-16'),('PNJ18','USR15','2018-05-28'),('PNJ180','USR5','2018-04-27'),('PNJ181','USR12','2018-06-09'),('PNJ182','USR12','2018-10-17'),('PNJ183','USR9','2018-02-09'),('PNJ184','USR6','2018-08-25'),('PNJ185','USR17','2018-01-29'),('PNJ186','USR10','2018-07-16'),('PNJ187','USR8','2018-10-16'),('PNJ188','USR16','2018-12-05'),('PNJ189','USR10','2018-07-27'),('PNJ19','USR12','2018-12-19'),('PNJ190','USR9','2018-03-13'),('PNJ191','USR11','2018-01-17'),('PNJ192','USR14','2018-06-09'),('PNJ193','USR4','2018-03-19'),('PNJ194','USR11','2018-05-30'),('PNJ195','USR6','2018-04-23'),('PNJ196','USR15','2018-12-07'),('PNJ197','USR17','2018-12-14'),('PNJ198','USR12','2018-01-02'),('PNJ199','USR6','2018-05-18'),('PNJ2','USR9','2018-11-20'),('PNJ20','USR15','2018-08-27'),('PNJ200','USR15','2018-11-04'),('PNJ201','USR8','2018-02-22'),('PNJ202','USR6','2018-03-17'),('PNJ203','USR13','2018-02-15'),('PNJ204','USR10','2018-08-27'),('PNJ205','USR12','2018-09-18'),('PNJ206','USR17','2018-03-16'),('PNJ207','USR10','2018-04-09'),('PNJ208','USR13','2018-04-11'),('PNJ209','USR6','2018-09-12'),('PNJ21','USR17','2018-09-24'),('PNJ210','USR17','2018-04-24'),('PNJ211','USR11','2018-02-03'),('PNJ212','USR7','2018-12-10'),('PNJ213','USR8','2018-10-08'),('PNJ214','USR13','2018-03-23'),('PNJ215','USR10','2018-04-05'),('PNJ216','USR15','2018-09-20'),('PNJ217','USR10','2018-05-08'),('PNJ218','USR15','2018-02-12'),('PNJ219','USR8','2018-06-20'),('PNJ22','USR13','2018-06-06'),('PNJ220','USR6','2018-06-10'),('PNJ221','USR16','2018-02-20'),('PNJ222','USR16','2018-04-02'),('PNJ223','USR17','2018-07-19'),('PNJ224','USR13','2018-03-21'),('PNJ225','USR14','2018-07-31'),('PNJ226','USR17','2018-07-09'),('PNJ227','USR12','2018-07-13'),('PNJ228','USR6','2018-11-21'),('PNJ229','USR17','2018-03-02'),('PNJ23','USR12','2018-10-20'),('PNJ230','USR8','2018-05-17'),('PNJ231','USR17','2018-12-15'),('PNJ232','USR16','2018-05-03'),('PNJ233','USR16','2018-03-02'),('PNJ234','USR14','2018-05-15'),('PNJ235','USR17','2018-03-23'),('PNJ236','USR6','2018-05-30'),('PNJ237','USR6','2018-03-26'),('PNJ238','USR16','2018-04-29'),('PNJ239','USR7','2018-10-01'),('PNJ24','USR16','2018-07-06'),('PNJ240','USR15','2018-09-27'),('PNJ241','USR17','2018-03-29'),('PNJ242','USR10','2018-11-05'),('PNJ243','USR5','2018-06-24'),('PNJ244','USR17','2018-11-05'),('PNJ245','USR5','2018-05-21'),('PNJ246','USR12','2018-08-14'),('PNJ247','USR5','2018-04-23'),('PNJ248','USR14','2018-11-11'),('PNJ249','USR13','2018-12-09'),('PNJ25','USR5','2018-08-14'),('PNJ250','USR17','2018-11-28'),('PNJ251','USR10','2018-03-01'),('PNJ252','USR12','2018-01-30'),('PNJ253','USR17','2018-11-16'),('PNJ254','USR16','2018-09-24'),('PNJ255','USR15','2018-01-14'),('PNJ256','USR16','2018-11-21'),('PNJ257','USR7','2018-08-16'),('PNJ258','USR7','2018-01-09'),('PNJ259','USR11','2018-05-24'),('PNJ26','USR6','2018-01-16'),('PNJ260','USR9','2018-07-25'),('PNJ261','USR14','2018-01-07'),('PNJ262','USR14','2018-01-26'),('PNJ263','USR12','2018-11-11'),('PNJ264','USR17','2018-10-31'),('PNJ265','USR4','2018-01-26'),('PNJ266','USR6','2018-03-27'),('PNJ267','USR7','2018-02-07'),('PNJ268','USR16','2018-12-07'),('PNJ269','USR12','2018-10-12'),('PNJ27','USR8','2018-11-01'),('PNJ270','USR4','2018-08-09'),('PNJ271','USR6','2018-01-04'),('PNJ272','USR9','2018-08-30'),('PNJ273','USR6','2018-03-14'),('PNJ274','USR7','2018-12-14'),('PNJ275','USR6','2018-04-17'),('PNJ276','USR16','2018-01-11'),('PNJ277','USR8','2018-11-20'),('PNJ278','USR17','2018-02-07'),('PNJ279','USR9','2018-01-21'),('PNJ28','USR11','2018-12-30'),('PNJ280','USR15','2018-12-12'),('PNJ281','USR15','2018-12-27'),('PNJ282','USR4','2018-10-19'),('PNJ283','USR16','2018-04-15'),('PNJ284','USR15','2018-01-08'),('PNJ285','USR16','2018-09-13'),('PNJ286','USR7','2018-08-23'),('PNJ287','USR13','2018-03-29'),('PNJ288','USR14','2018-12-03'),('PNJ289','USR6','2018-10-06'),('PNJ29','USR15','2018-04-02'),('PNJ290','USR15','2018-02-12'),('PNJ291','USR7','2018-07-23'),('PNJ292','USR13','2018-09-16'),('PNJ293','USR15','2018-02-13'),('PNJ294','USR13','2018-10-23'),('PNJ295','USR4','2018-07-28'),('PNJ296','USR4','2018-02-22'),('PNJ297','USR13','2018-05-21'),('PNJ298','USR5','2018-11-14'),('PNJ299','USR11','2018-12-01'),('PNJ3','USR5','2018-11-14'),('PNJ30','USR11','2018-08-23'),('PNJ300','USR13','2018-09-22'),('PNJ301','USR14','2018-10-31'),('PNJ302','USR9','2018-03-10'),('PNJ303','USR17','2018-10-04'),('PNJ304','USR15','2018-04-01'),('PNJ305','USR13','2018-07-06'),('PNJ306','USR17','2018-10-05'),('PNJ307','USR8','2018-07-25'),('PNJ308','USR12','2018-10-17'),('PNJ309','USR4','2018-07-09'),('PNJ31','USR16','2018-11-08'),('PNJ310','USR8','2018-09-30'),('PNJ311','USR4','2018-12-14'),('PNJ312','USR16','2018-03-09'),('PNJ313','USR8','2018-12-30'),('PNJ314','USR4','2018-02-09'),('PNJ315','USR10','2018-10-14'),('PNJ316','USR4','2018-03-21'),('PNJ317','USR13','2018-12-24'),('PNJ318','USR12','2018-10-09'),('PNJ319','USR11','2018-10-07'),('PNJ32','USR17','2018-05-18'),('PNJ320','USR10','2018-08-09'),('PNJ321','USR16','2018-12-01'),('PNJ322','USR6','2018-09-26'),('PNJ323','USR7','2018-02-13'),('PNJ324','USR15','2018-12-23'),('PNJ325','USR12','2018-09-19'),('PNJ326','USR7','2018-07-10'),('PNJ327','USR5','2018-11-09'),('PNJ328','USR13','2018-01-11'),('PNJ329','USR7','2018-04-23'),('PNJ33','USR15','2018-04-25'),('PNJ330','USR15','2018-01-03'),('PNJ331','USR7','2018-04-09'),('PNJ332','USR6','2018-09-10'),('PNJ333','USR15','2018-08-02'),('PNJ334','USR9','2018-10-19'),('PNJ335','USR11','2018-03-05'),('PNJ336','USR13','2018-08-18'),('PNJ337','USR10','2018-12-19'),('PNJ338','USR11','2018-01-10'),('PNJ339','USR14','2018-03-30'),('PNJ34','USR9','2018-12-13'),('PNJ340','USR4','2018-01-27'),('PNJ341','USR4','2018-07-18'),('PNJ342','USR17','2018-10-26'),('PNJ343','USR4','2018-02-13'),('PNJ344','USR9','2018-07-12'),('PNJ345','USR8','2018-02-22'),('PNJ346','USR11','2018-06-14'),('PNJ347','USR11','2018-10-15'),('PNJ348','USR13','2018-11-18'),('PNJ349','USR12','2018-02-08'),('PNJ35','USR12','2018-05-17'),('PNJ350','USR4','2018-10-03'),('PNJ351','USR9','2018-02-17'),('PNJ352','USR12','2018-01-20'),('PNJ353','USR9','2018-12-22'),('PNJ354','USR14','2018-10-16'),('PNJ355','USR6','2018-12-27'),('PNJ356','USR4','2018-11-02'),('PNJ357','USR7','2018-05-22'),('PNJ358','USR14','2018-05-28'),('PNJ359','USR7','2018-08-18'),('PNJ36','USR5','2018-04-17'),('PNJ360','USR4','2018-08-11'),('PNJ361','USR6','2018-06-02'),('PNJ362','USR16','2018-11-27'),('PNJ363','USR16','2018-04-19'),('PNJ364','USR4','2018-03-03'),('PNJ365','USR6','2018-03-28'),('PNJ366','USR10','2018-08-31'),('PNJ367','USR6','2018-09-13'),('PNJ368','USR16','2018-06-25'),('PNJ369','USR15','2018-12-02'),('PNJ37','USR15','2018-06-21'),('PNJ370','USR15','2018-11-01'),('PNJ371','USR13','2018-07-06'),('PNJ372','USR4','2018-04-13'),('PNJ373','USR16','2018-03-28'),('PNJ374','USR17','2018-02-28'),('PNJ375','USR16','2018-12-29'),('PNJ376','USR4','2018-04-03'),('PNJ377','USR11','2018-04-30'),('PNJ378','USR13','2018-03-14'),('PNJ379','USR11','2018-04-04'),('PNJ38','USR15','2018-05-09'),('PNJ380','USR10','2018-03-12'),('PNJ381','USR15','2018-01-16'),('PNJ382','USR5','2018-01-22'),('PNJ383','USR6','2018-02-21'),('PNJ384','USR10','2018-09-14'),('PNJ385','USR16','2018-09-04'),('PNJ386','USR13','2018-08-07'),('PNJ387','USR14','2018-05-20'),('PNJ388','USR12','2018-04-12'),('PNJ389','USR8','2018-01-06'),('PNJ39','USR17','2018-01-14'),('PNJ390','USR6','2018-06-02'),('PNJ391','USR12','2018-04-12'),('PNJ392','USR10','2018-07-05'),('PNJ393','USR16','2018-07-16'),('PNJ394','USR7','2018-02-11'),('PNJ395','USR7','2018-02-27'),('PNJ396','USR6','2018-02-23'),('PNJ397','USR16','2018-05-05'),('PNJ398','USR14','2018-07-22'),('PNJ399','USR13','2018-06-25'),('PNJ4','USR6','2018-07-15'),('PNJ40','USR15','2018-03-26'),('PNJ400','USR12','2018-11-28'),('PNJ401','USR13','2018-05-07'),('PNJ402','USR15','2018-08-22'),('PNJ403','USR9','2018-07-07'),('PNJ404','USR10','2018-07-18'),('PNJ405','USR9','2018-12-30'),('PNJ406','USR5','2018-01-31'),('PNJ407','USR9','2018-01-29'),('PNJ408','USR8','2018-01-25'),('PNJ409','USR4','2018-06-24'),('PNJ41','USR5','2018-09-26'),('PNJ410','USR10','2018-12-06'),('PNJ411','USR5','2018-06-07'),('PNJ412','USR14','2018-07-16'),('PNJ413','USR10','2018-03-04'),('PNJ414','USR17','2018-03-08'),('PNJ415','USR8','2018-08-20'),('PNJ416','USR17','2018-10-11'),('PNJ417','USR6','2018-11-04'),('PNJ418','USR15','2018-10-16'),('PNJ419','USR8','2018-07-11'),('PNJ42','USR10','2018-01-07'),('PNJ420','USR17','2018-01-04'),('PNJ421','USR6','2018-10-29'),('PNJ422','USR5','2018-12-21'),('PNJ423','USR13','2018-07-06'),('PNJ424','USR11','2018-01-05'),('PNJ425','USR11','2018-11-04'),('PNJ426','USR5','2018-11-16'),('PNJ427','USR9','2018-01-16'),('PNJ428','USR4','2018-09-27'),('PNJ429','USR9','2018-08-01'),('PNJ43','USR14','2018-05-12'),('PNJ430','USR11','2018-11-03'),('PNJ431','USR11','2018-07-20'),('PNJ432','USR11','2018-12-18'),('PNJ433','USR10','2018-06-11'),('PNJ434','USR4','2018-11-08'),('PNJ435','USR15','2018-05-21'),('PNJ436','USR12','2018-12-25'),('PNJ437','USR8','2018-08-11'),('PNJ438','USR6','2018-02-26'),('PNJ439','USR15','2018-01-07'),('PNJ44','USR7','2018-03-10'),('PNJ440','USR7','2018-06-27'),('PNJ441','USR15','2018-01-31'),('PNJ442','USR8','2018-11-26'),('PNJ443','USR9','2018-03-14'),('PNJ444','USR10','2018-03-24'),('PNJ445','USR17','2018-08-08'),('PNJ446','USR17','2018-02-05'),('PNJ447','USR13','2018-03-19'),('PNJ448','USR6','2018-11-19'),('PNJ449','USR4','2018-02-03'),('PNJ45','USR6','2018-07-20'),('PNJ450','USR7','2018-06-06'),('PNJ451','USR17','2018-06-15'),('PNJ452','USR10','2018-07-07'),('PNJ453','USR17','2018-06-12'),('PNJ454','USR14','2018-07-23'),('PNJ455','USR8','2018-10-27'),('PNJ456','USR14','2018-09-06'),('PNJ457','USR4','2018-09-13'),('PNJ458','USR17','2018-09-20'),('PNJ459','USR17','2018-07-18'),('PNJ46','USR12','2018-10-20'),('PNJ460','USR4','2018-04-26'),('PNJ461','USR16','2018-02-26'),('PNJ462','USR4','2018-05-06'),('PNJ463','USR7','2018-01-31'),('PNJ464','USR5','2018-03-13'),('PNJ465','USR4','2018-02-23'),('PNJ466','USR4','2018-03-19'),('PNJ467','USR13','2018-12-13'),('PNJ468','USR11','2018-02-08'),('PNJ469','USR6','2018-09-12'),('PNJ47','USR9','2018-01-23'),('PNJ470','USR14','2018-01-03'),('PNJ471','USR16','2018-02-12'),('PNJ472','USR5','2018-02-14'),('PNJ473','USR6','2018-02-14'),('PNJ474','USR16','2018-02-03'),('PNJ475','USR17','2018-09-04'),('PNJ476','USR17','2018-09-15'),('PNJ477','USR16','2018-06-19'),('PNJ478','USR10','2018-06-13'),('PNJ479','USR6','2018-05-05'),('PNJ48','USR16','2018-02-08'),('PNJ480','USR7','2018-11-28'),('PNJ481','USR10','2018-05-22'),('PNJ482','USR12','2018-07-13'),('PNJ483','USR16','2018-06-06'),('PNJ484','USR6','2018-09-09'),('PNJ485','USR11','2018-12-04'),('PNJ486','USR5','2018-02-08'),('PNJ487','USR10','2018-01-12'),('PNJ488','USR12','2018-02-09'),('PNJ489','USR10','2018-10-17'),('PNJ49','USR12','2018-09-05'),('PNJ490','USR12','2018-06-10'),('PNJ491','USR13','2018-01-12'),('PNJ492','USR11','2018-11-06'),('PNJ493','USR9','2018-12-13'),('PNJ494','USR5','2018-05-23'),('PNJ495','USR12','2018-05-02'),('PNJ496','USR11','2018-04-16'),('PNJ497','USR7','2018-06-05'),('PNJ498','USR17','2018-12-22'),('PNJ499','USR10','2018-02-18'),('PNJ5','USR10','2018-01-01'),('PNJ50','USR8','2018-07-08'),('PNJ500','USR13','2018-10-29'),('PNJ501','USR17','2018-12-17'),('PNJ502','USR12','2018-12-01'),('PNJ503','USR9','2018-10-03'),('PNJ504','USR12','2018-11-05'),('PNJ505','USR13','2018-12-06'),('PNJ506','USR13','2018-09-21'),('PNJ507','USR17','2018-05-01'),('PNJ508','USR4','2018-07-18'),('PNJ509','USR7','2018-04-06'),('PNJ51','USR12','2018-04-16'),('PNJ510','USR10','2018-11-27'),('PNJ511','USR14','2018-01-17'),('PNJ512','USR4','2018-06-29'),('PNJ513','USR12','2018-08-12'),('PNJ514','USR12','2018-03-30'),('PNJ515','USR4','2018-01-13'),('PNJ516','USR10','2018-08-05'),('PNJ517','USR9','2018-02-26'),('PNJ518','USR13','2018-06-04'),('PNJ519','USR17','2018-04-05'),('PNJ52','USR6','2018-02-12'),('PNJ520','USR10','2018-12-05'),('PNJ521','USR9','2018-05-12'),('PNJ522','USR5','2018-02-13'),('PNJ523','USR5','2018-01-25'),('PNJ524','USR11','2018-05-15'),('PNJ525','USR14','2018-05-20'),('PNJ526','USR5','2018-04-26'),('PNJ527','USR14','2018-06-15'),('PNJ528','USR5','2018-09-29'),('PNJ529','USR5','2018-10-14'),('PNJ53','USR13','2018-01-10'),('PNJ530','USR5','2018-04-18'),('PNJ531','USR5','2018-05-13'),('PNJ532','USR7','2018-12-28'),('PNJ533','USR5','2018-06-12'),('PNJ534','USR10','2018-05-15'),('PNJ535','USR5','2018-10-09'),('PNJ536','USR12','2018-01-08'),('PNJ537','USR16','2018-07-18'),('PNJ538','USR15','2018-02-09'),('PNJ539','USR6','2018-02-18'),('PNJ54','USR9','2018-05-29'),('PNJ540','USR10','2018-10-17'),('PNJ541','USR5','2018-06-07'),('PNJ542','USR11','2018-11-22'),('PNJ543','USR7','2018-01-18'),('PNJ544','USR11','2018-11-23'),('PNJ545','USR15','2018-05-12'),('PNJ546','USR17','2018-01-02'),('PNJ547','USR16','2018-09-25'),('PNJ548','USR14','2018-08-04'),('PNJ549','USR5','2018-06-16'),('PNJ55','USR14','2018-10-02'),('PNJ550','USR14','2018-02-28'),('PNJ551','USR17','2018-06-18'),('PNJ552','USR15','2018-03-12'),('PNJ553','USR9','2018-06-12'),('PNJ554','USR9','2018-11-27'),('PNJ555','USR15','2018-05-04'),('PNJ556','USR7','2018-05-23'),('PNJ557','USR7','2018-08-22'),('PNJ558','USR5','2018-11-06'),('PNJ559','USR4','2018-09-30'),('PNJ56','USR9','2018-10-08'),('PNJ560','USR10','2018-08-28'),('PNJ561','USR5','2018-07-26'),('PNJ562','USR10','2018-05-14'),('PNJ563','USR17','2018-03-29'),('PNJ564','USR14','2018-08-16'),('PNJ565','USR8','2018-12-24'),('PNJ566','USR12','2018-06-04'),('PNJ567','USR11','2018-07-12'),('PNJ568','USR9','2018-12-03'),('PNJ569','USR16','2018-01-16'),('PNJ57','USR4','2018-12-11'),('PNJ570','USR12','2018-02-22'),('PNJ571','USR15','2018-11-06'),('PNJ572','USR5','2018-05-31'),('PNJ573','USR5','2018-11-06'),('PNJ574','USR12','2018-02-12'),('PNJ575','USR8','2018-03-26'),('PNJ576','USR14','2018-08-23'),('PNJ577','USR4','2018-08-11'),('PNJ578','USR13','2018-08-19'),('PNJ579','USR13','2018-06-22'),('PNJ58','USR8','2018-06-16'),('PNJ580','USR9','2018-05-08'),('PNJ581','USR10','2018-07-26'),('PNJ582','USR11','2018-10-29'),('PNJ583','USR15','2018-10-08'),('PNJ584','USR6','2018-09-27'),('PNJ585','USR14','2018-01-30'),('PNJ586','USR14','2018-03-21'),('PNJ587','USR13','2018-01-06'),('PNJ588','USR8','2018-07-21'),('PNJ589','USR15','2018-03-14'),('PNJ59','USR7','2018-10-27'),('PNJ590','USR12','2018-02-20'),('PNJ591','USR11','2018-03-15'),('PNJ592','USR17','2018-03-13'),('PNJ593','USR15','2018-05-29'),('PNJ594','USR5','2018-04-20'),('PNJ595','USR4','2018-07-19'),('PNJ596','USR15','2018-05-04'),('PNJ597','USR17','2018-02-18'),('PNJ598','USR15','2018-06-16'),('PNJ599','USR6','2018-12-08'),('PNJ6','USR5','2018-05-09'),('PNJ60','USR17','2018-06-29'),('PNJ600','USR11','2018-08-07'),('PNJ601','USR17','2018-10-23'),('PNJ602','USR17','2018-06-23'),('PNJ603','USR11','2018-11-26'),('PNJ604','USR5','2018-09-14'),('PNJ605','USR16','2018-01-20'),('PNJ606','USR12','2018-11-22'),('PNJ607','USR4','2018-09-17'),('PNJ608','USR15','2018-07-07'),('PNJ609','USR5','2018-04-15'),('PNJ61','USR5','2018-07-23'),('PNJ610','USR17','2018-07-22'),('PNJ611','USR9','2018-11-22'),('PNJ612','USR4','2018-12-14'),('PNJ613','USR10','2018-06-02'),('PNJ614','USR11','2018-07-10'),('PNJ615','USR4','2018-12-28'),('PNJ616','USR9','2018-09-30'),('PNJ617','USR11','2018-10-29'),('PNJ618','USR11','2018-09-05'),('PNJ619','USR12','2018-08-29'),('PNJ62','USR6','2018-10-04'),('PNJ620','USR12','2018-12-10'),('PNJ621','USR15','2018-12-04'),('PNJ622','USR16','2018-01-08'),('PNJ623','USR7','2018-04-25'),('PNJ624','USR11','2018-03-02'),('PNJ625','USR17','2018-09-20'),('PNJ626','USR12','2018-05-02'),('PNJ627','USR9','2018-06-12'),('PNJ628','USR12','2018-03-08'),('PNJ629','USR11','2018-06-22'),('PNJ63','USR12','2018-08-04'),('PNJ630','USR11','2018-07-01'),('PNJ631','USR14','2018-08-21'),('PNJ632','USR15','2018-06-13'),('PNJ633','USR8','2018-05-23'),('PNJ634','USR6','2018-06-07'),('PNJ635','USR5','2018-05-10'),('PNJ636','USR8','2018-09-16'),('PNJ637','USR11','2018-11-09'),('PNJ638','USR16','2018-05-24'),('PNJ639','USR11','2018-04-27'),('PNJ64','USR9','2018-03-21'),('PNJ640','USR16','2018-04-27'),('PNJ641','USR10','2018-11-22'),('PNJ642','USR17','2018-03-01'),('PNJ643','USR12','2018-03-09'),('PNJ644','USR11','2018-07-25'),('PNJ645','USR16','2018-05-26'),('PNJ646','USR11','2018-05-28'),('PNJ647','USR16','2018-07-04'),('PNJ648','USR6','2018-05-18'),('PNJ649','USR7','2018-09-21'),('PNJ65','USR8','2018-04-21'),('PNJ650','USR11','2018-05-30'),('PNJ651','USR9','2018-06-16'),('PNJ652','USR11','2018-12-16'),('PNJ653','USR17','2018-06-05'),('PNJ654','USR17','2018-05-10'),('PNJ655','USR6','2018-11-30'),('PNJ656','USR14','2018-01-27'),('PNJ657','USR8','2018-12-27'),('PNJ658','USR17','2018-05-15'),('PNJ659','USR17','2018-12-13'),('PNJ66','USR9','2018-10-02'),('PNJ660','USR13','2018-07-15'),('PNJ661','USR4','2018-07-30'),('PNJ662','USR14','2018-03-23'),('PNJ663','USR5','2018-06-13'),('PNJ664','USR9','2018-06-14'),('PNJ665','USR10','2018-10-28'),('PNJ666','USR14','2018-11-14'),('PNJ667','USR17','2018-07-27'),('PNJ668','USR7','2018-12-10'),('PNJ669','USR11','2018-12-26'),('PNJ67','USR15','2018-09-04'),('PNJ670','USR9','2018-08-26'),('PNJ671','USR9','2018-10-03'),('PNJ672','USR7','2018-08-06'),('PNJ673','USR6','2018-08-21'),('PNJ674','USR11','2018-07-17'),('PNJ675','USR13','2018-06-12'),('PNJ676','USR8','2018-12-29'),('PNJ677','USR9','2018-08-01'),('PNJ678','USR4','2018-03-02'),('PNJ679','USR10','2018-10-12'),('PNJ68','USR16','2018-07-03'),('PNJ680','USR11','2018-10-30'),('PNJ681','USR14','2018-07-25'),('PNJ682','USR11','2018-10-19'),('PNJ683','USR10','2018-01-16'),('PNJ684','USR14','2018-08-04'),('PNJ685','USR16','2018-09-29'),('PNJ686','USR5','2018-10-11'),('PNJ687','USR5','2018-05-30'),('PNJ688','USR7','2018-10-01'),('PNJ689','USR7','2018-03-07'),('PNJ69','USR12','2018-04-26'),('PNJ690','USR12','2018-08-17'),('PNJ691','USR15','2018-10-11'),('PNJ692','USR5','2018-09-09'),('PNJ693','USR5','2018-08-03'),('PNJ694','USR13','2018-08-11'),('PNJ695','USR11','2018-11-08'),('PNJ696','USR10','2018-10-05'),('PNJ697','USR13','2018-11-01'),('PNJ698','USR14','2018-03-01'),('PNJ699','USR9','2018-01-13'),('PNJ7','USR13','2018-12-26'),('PNJ70','USR17','2018-11-17'),('PNJ700','USR8','2018-04-06'),('PNJ701','USR6','2018-09-16'),('PNJ702','USR17','2018-09-17'),('PNJ703','USR7','2018-07-23'),('PNJ704','USR10','2018-11-08'),('PNJ705','USR13','2018-12-19'),('PNJ706','USR13','2018-03-31'),('PNJ707','USR11','2018-01-05'),('PNJ708','USR4','2018-12-29'),('PNJ709','USR4','2018-07-17'),('PNJ71','USR13','2018-11-26'),('PNJ710','USR11','2018-03-26'),('PNJ711','USR10','2018-06-29'),('PNJ712','USR5','2018-05-07'),('PNJ713','USR4','2018-04-28'),('PNJ714','USR16','2018-12-26'),('PNJ715','USR8','2018-08-05'),('PNJ716','USR5','2018-12-07'),('PNJ717','USR6','2018-10-20'),('PNJ718','USR15','2018-11-09'),('PNJ719','USR8','2018-11-13'),('PNJ72','USR12','2018-03-28'),('PNJ720','USR9','2018-04-29'),('PNJ721','USR14','2018-11-20'),('PNJ722','USR12','2018-08-04'),('PNJ723','USR11','2018-08-10'),('PNJ724','USR7','2018-07-20'),('PNJ725','USR8','2018-07-01'),('PNJ726','USR8','2018-07-16'),('PNJ727','USR11','2018-12-21'),('PNJ728','USR13','2018-08-02'),('PNJ729','USR7','2018-05-29'),('PNJ73','USR12','2018-07-24'),('PNJ730','USR9','2018-02-08'),('PNJ731','USR17','2018-03-20'),('PNJ732','USR7','2018-01-28'),('PNJ733','USR6','2018-01-18'),('PNJ734','USR15','2018-06-16'),('PNJ735','USR5','2018-05-03'),('PNJ736','USR4','2018-02-23'),('PNJ737','USR16','2018-10-01'),('PNJ738','USR6','2018-11-13'),('PNJ739','USR13','2018-01-15'),('PNJ74','USR6','2018-07-09'),('PNJ740','USR17','2018-01-28'),('PNJ741','USR11','2018-10-02'),('PNJ742','USR8','2018-03-07'),('PNJ743','USR13','2018-11-07'),('PNJ744','USR7','2018-08-22'),('PNJ745','USR7','2018-03-20'),('PNJ746','USR15','2018-08-23'),('PNJ747','USR4','2018-02-03'),('PNJ748','USR7','2018-09-15'),('PNJ749','USR6','2018-05-07'),('PNJ75','USR5','2018-05-05'),('PNJ750','USR8','2018-10-05'),('PNJ751','USR7','2018-02-17'),('PNJ752','USR14','2018-11-24'),('PNJ753','USR15','2018-04-02'),('PNJ754','USR7','2018-08-18'),('PNJ755','USR16','2018-09-11'),('PNJ756','USR6','2018-02-04'),('PNJ757','USR8','2018-01-02'),('PNJ758','USR8','2018-02-08'),('PNJ759','USR13','2018-12-05'),('PNJ76','USR14','2018-02-28'),('PNJ760','USR14','2018-07-19'),('PNJ761','USR7','2018-02-22'),('PNJ762','USR4','2018-10-02'),('PNJ763','USR15','2018-10-03'),('PNJ764','USR15','2018-06-28'),('PNJ765','USR6','2018-03-31'),('PNJ766','USR6','2018-05-06'),('PNJ767','USR11','2018-01-06'),('PNJ768','USR12','2018-06-30'),('PNJ769','USR12','2018-06-09'),('PNJ77','USR16','2018-01-20'),('PNJ770','USR5','2018-10-26'),('PNJ771','USR8','2018-09-06'),('PNJ772','USR4','2018-06-13'),('PNJ773','USR8','2018-05-19'),('PNJ774','USR9','2018-10-29'),('PNJ775','USR9','2018-12-02'),('PNJ776','USR4','2018-07-09'),('PNJ777','USR13','2018-09-20'),('PNJ778','USR11','2018-05-26'),('PNJ779','USR17','2018-03-08'),('PNJ78','USR5','2018-06-06'),('PNJ780','USR16','2018-09-22'),('PNJ781','USR4','2018-08-28'),('PNJ782','USR12','2018-12-26'),('PNJ783','USR11','2018-10-18'),('PNJ784','USR12','2018-11-03'),('PNJ785','USR14','2018-04-14'),('PNJ786','USR10','2018-06-18'),('PNJ787','USR12','2018-11-01'),('PNJ788','USR9','2018-12-17'),('PNJ789','USR14','2018-07-06'),('PNJ79','USR10','2018-07-26'),('PNJ790','USR9','2018-10-22'),('PNJ791','USR8','2018-02-25'),('PNJ792','USR8','2018-02-03'),('PNJ793','USR13','2018-11-16'),('PNJ794','USR10','2018-10-12'),('PNJ795','USR16','2018-06-20'),('PNJ796','USR10','2018-01-05'),('PNJ797','USR16','2018-10-18'),('PNJ798','USR14','2018-11-13'),('PNJ799','USR12','2018-11-11'),('PNJ8','USR9','2018-03-11'),('PNJ80','USR6','2018-09-11'),('PNJ800','USR12','2018-10-30'),('PNJ801','USR15','2018-12-12'),('PNJ802','USR14','2018-09-23'),('PNJ803','USR10','2018-12-13'),('PNJ804','USR14','2018-07-01'),('PNJ805','USR10','2018-05-17'),('PNJ806','USR15','2018-03-13'),('PNJ807','USR6','2018-09-15'),('PNJ808','USR13','2018-06-06'),('PNJ809','USR8','2018-07-21'),('PNJ81','USR13','2018-06-02'),('PNJ810','USR5','2018-02-06'),('PNJ811','USR11','2018-03-01'),('PNJ812','USR11','2018-11-25'),('PNJ813','USR17','2018-11-02'),('PNJ814','USR5','2018-04-05'),('PNJ815','USR15','2018-03-22'),('PNJ816','USR13','2018-10-28'),('PNJ817','USR15','2018-01-13'),('PNJ818','USR13','2018-01-26'),('PNJ819','USR8','2018-08-28'),('PNJ82','USR8','2018-07-09'),('PNJ820','USR14','2018-01-05'),('PNJ821','USR11','2018-10-02'),('PNJ822','USR5','2018-07-10'),('PNJ823','USR13','2018-01-29'),('PNJ824','USR14','2018-07-09'),('PNJ825','USR8','2018-12-10'),('PNJ826','USR5','2018-02-21'),('PNJ827','USR16','2018-12-30'),('PNJ828','USR12','2018-07-27'),('PNJ829','USR15','2018-09-13'),('PNJ83','USR16','2018-07-15'),('PNJ830','USR11','2018-03-02'),('PNJ831','USR16','2018-02-16'),('PNJ832','USR12','2018-03-08'),('PNJ833','USR12','2018-10-02'),('PNJ834','USR14','2018-09-11'),('PNJ835','USR17','2018-08-23'),('PNJ836','USR4','2018-06-21'),('PNJ837','USR6','2018-09-02'),('PNJ838','USR13','2018-02-02'),('PNJ839','USR8','2018-09-07'),('PNJ84','USR13','2018-01-10'),('PNJ840','USR11','2018-05-24'),('PNJ841','USR11','2018-05-02'),('PNJ842','USR11','2018-12-29'),('PNJ843','USR12','2018-10-13'),('PNJ844','USR9','2018-11-09'),('PNJ845','USR10','2018-07-07'),('PNJ846','USR4','2018-11-11'),('PNJ847','USR17','2018-12-02'),('PNJ848','USR10','2018-08-19'),('PNJ849','USR4','2018-12-13'),('PNJ85','USR4','2018-07-18'),('PNJ850','USR12','2018-12-14'),('PNJ851','USR6','2018-02-12'),('PNJ852','USR17','2018-09-10'),('PNJ853','USR17','2018-03-30'),('PNJ854','USR12','2018-07-10'),('PNJ855','USR9','2018-04-20'),('PNJ856','USR5','2018-02-23'),('PNJ857','USR4','2018-01-22'),('PNJ858','USR14','2018-01-22'),('PNJ859','USR7','2018-12-28'),('PNJ86','USR13','2018-09-05'),('PNJ860','USR5','2018-09-07'),('PNJ861','USR15','2018-01-26'),('PNJ862','USR4','2018-11-17'),('PNJ863','USR16','2018-10-01'),('PNJ864','USR17','2018-01-31'),('PNJ865','USR5','2018-03-19'),('PNJ866','USR17','2018-06-11'),('PNJ867','USR15','2018-08-21'),('PNJ868','USR5','2018-10-12'),('PNJ869','USR6','2018-07-02'),('PNJ87','USR8','2018-04-23'),('PNJ870','USR15','2018-01-31'),('PNJ871','USR7','2018-01-26'),('PNJ872','USR8','2018-02-19'),('PNJ873','USR6','2018-07-31'),('PNJ874','USR12','2018-05-14'),('PNJ875','USR16','2018-11-11'),('PNJ876','USR16','2018-11-14'),('PNJ877','USR12','2018-06-01'),('PNJ878','USR12','2018-08-09'),('PNJ879','USR7','2018-12-22'),('PNJ88','USR16','2018-04-21'),('PNJ880','USR15','2018-11-25'),('PNJ881','USR14','2018-05-13'),('PNJ882','USR8','2018-06-23'),('PNJ883','USR13','2018-03-27'),('PNJ884','USR12','2018-09-03'),('PNJ885','USR10','2018-05-22'),('PNJ886','USR7','2018-03-28'),('PNJ887','USR14','2018-02-06'),('PNJ888','USR17','2018-10-17'),('PNJ889','USR7','2018-12-27'),('PNJ89','USR16','2018-11-11'),('PNJ890','USR14','2018-02-12'),('PNJ891','USR5','2018-07-05'),('PNJ892','USR12','2018-07-09'),('PNJ893','USR9','2018-10-11'),('PNJ894','USR7','2018-07-21'),('PNJ895','USR14','2018-02-04'),('PNJ896','USR13','2018-07-30'),('PNJ897','USR5','2018-05-20'),('PNJ898','USR14','2018-10-11'),('PNJ899','USR4','2018-05-08'),('PNJ9','USR14','2018-02-17'),('PNJ90','USR7','2018-08-05'),('PNJ900','USR9','2018-03-26'),('PNJ901','USR17','2018-09-14'),('PNJ902','USR10','2018-07-07'),('PNJ903','USR7','2018-12-18'),('PNJ904','USR8','2018-07-22'),('PNJ905','USR9','2018-03-15'),('PNJ906','USR10','2018-04-25'),('PNJ907','USR5','2018-07-10'),('PNJ908','USR11','2018-11-03'),('PNJ909','USR7','2018-12-24'),('PNJ91','USR16','2018-06-07'),('PNJ910','USR7','2018-08-04'),('PNJ911','USR14','2018-06-06'),('PNJ912','USR4','2018-02-28'),('PNJ913','USR9','2018-07-25'),('PNJ914','USR5','2018-05-17'),('PNJ915','USR14','2018-01-19'),('PNJ916','USR15','2018-03-02'),('PNJ917','USR9','2018-10-19'),('PNJ918','USR7','2018-10-25'),('PNJ919','USR15','2018-09-21'),('PNJ92','USR16','2018-03-23'),('PNJ920','USR9','2018-09-10'),('PNJ921','USR6','2018-02-22'),('PNJ922','USR10','2018-06-22'),('PNJ923','USR5','2018-06-09'),('PNJ924','USR16','2018-11-15'),('PNJ925','USR13','2018-02-19'),('PNJ926','USR5','2018-01-23'),('PNJ927','USR6','2018-11-15'),('PNJ928','USR15','2018-05-19'),('PNJ929','USR13','2018-01-03'),('PNJ93','USR12','2018-10-22'),('PNJ930','USR14','2018-02-04'),('PNJ931','USR11','2018-11-03'),('PNJ932','USR8','2018-03-30'),('PNJ933','USR8','2018-11-17'),('PNJ934','USR6','2018-09-28'),('PNJ935','USR14','2018-11-07'),('PNJ936','USR10','2018-01-28'),('PNJ937','USR16','2018-05-07'),('PNJ938','USR4','2018-02-08'),('PNJ939','USR11','2018-06-16'),('PNJ94','USR14','2018-07-20'),('PNJ940','USR11','2018-11-28'),('PNJ941','USR14','2018-01-21'),('PNJ942','USR11','2018-03-02'),('PNJ943','USR9','2018-12-13'),('PNJ944','USR13','2018-10-17'),('PNJ945','USR15','2018-04-06'),('PNJ946','USR15','2018-07-28'),('PNJ947','USR15','2018-07-05'),('PNJ948','USR5','2018-06-03'),('PNJ949','USR11','2018-12-24'),('PNJ95','USR6','2018-08-21'),('PNJ950','USR9','2018-05-06'),('PNJ951','USR9','2018-07-06'),('PNJ952','USR17','2018-10-08'),('PNJ953','USR10','2018-10-27'),('PNJ954','USR13','2018-09-29'),('PNJ955','USR5','2018-10-16'),('PNJ956','USR7','2018-07-28'),('PNJ957','USR12','2018-02-13'),('PNJ958','USR6','2018-05-26'),('PNJ959','USR17','2018-06-08'),('PNJ96','USR10','2018-02-28'),('PNJ960','USR8','2018-10-06'),('PNJ961','USR6','2018-03-05'),('PNJ962','USR12','2018-04-24'),('PNJ963','USR13','2018-02-20'),('PNJ964','USR9','2018-02-07'),('PNJ965','USR14','2018-05-09'),('PNJ966','USR15','2018-08-21'),('PNJ967','USR4','2018-04-01'),('PNJ968','USR14','2018-06-28'),('PNJ969','USR16','2018-09-08'),('PNJ97','USR9','2018-08-22'),('PNJ970','USR10','2018-10-31'),('PNJ971','USR12','2018-02-02'),('PNJ972','USR7','2018-09-20'),('PNJ973','USR12','2018-09-24'),('PNJ974','USR5','2018-04-13'),('PNJ975','USR14','2018-07-27'),('PNJ976','USR11','2018-02-15'),('PNJ977','USR9','2018-05-10'),('PNJ978','USR17','2018-05-01'),('PNJ979','USR10','2018-07-18'),('PNJ98','USR4','2018-08-24'),('PNJ980','USR6','2018-06-21'),('PNJ981','USR6','2018-05-07'),('PNJ982','USR11','2018-06-11'),('PNJ983','USR5','2018-02-24'),('PNJ984','USR8','2018-05-30'),('PNJ985','USR14','2018-12-15'),('PNJ986','USR16','2018-11-29'),('PNJ987','USR13','2018-04-25'),('PNJ988','USR8','2018-06-06'),('PNJ989','USR11','2018-06-24'),('PNJ99','USR5','2018-03-22'),('PNJ990','USR9','2018-03-30'),('PNJ991','USR7','2018-04-28'),('PNJ992','USR7','2018-12-12'),('PNJ993','USR7','2018-08-25'),('PNJ994','USR16','2018-08-19'),('PNJ995','USR7','2018-06-14'),('PNJ996','USR9','2018-03-12'),('PNJ997','USR11','2018-05-28'),('PNJ998','USR14','2018-04-29'),('PNJ999','USR17','2018-12-13');
/*!40000 ALTER TABLE `TRANSAKSI_PINJAM` ENABLE KEYS */;
UNLOCK TABLES;

--
-- Table structure for table `USER`
--

DROP TABLE IF EXISTS `USER`;
/*!40101 SET @saved_cs_client     = @@character_set_client */;
/*!40101 SET character_set_client = utf8 */;
CREATE TABLE `USER` (
  `ID_USER` varchar(50) NOT NULL,
  `NAMA` varchar(50) DEFAULT NULL,
  `ALAMAT` varchar(50) DEFAULT NULL,
  `EMAIL` varchar(50) DEFAULT NULL,
  `JK` char(1) DEFAULT NULL,
  PRIMARY KEY (`ID_USER`)
) ENGINE=InnoDB DEFAULT CHARSET=utf8;
/*!40101 SET character_set_client = @saved_cs_client */;

--
-- Dumping data for table `USER`
--

LOCK TABLES `USER` WRITE;
/*!40000 ALTER TABLE `USER` DISABLE KEYS */;
INSERT INTO `USER` VALUES ('USR1','Doni','Balikpapan','userL@gmail.com','L'),('USR10','Panji','Malang','panji@gmail.com','L'),('USR11','Rama','Malang','rama@gmail.com','L'),('USR12','Dana','Malang','dana@gmail.com','L'),('USR13','Varel','Malang','varel@gmail.com','L'),('USR14','Trio','Malang','trio@gmail.com','L'),('USR15','Tiwi','Malang','tiwi@gmail.com','L'),('USR16','Qorie','Malang','qorie@gmail.com','L'),('USR17','Rinda','Malang','rinda@gmail.com','L'),('USR18','Luna','Malang','luna@gmail.com','L'),('USR19','Lili','Surabaya','ownerL@gmail.com','L'),('USR2','Dono','Makassar','userP@gmail.com','P'),('USR20','Lia','Kutai','ownerP@gmail.com','P'),('USR3','David','Surabaya','david@gmail.com','L'),('USR4','Thomas','Malang','thomas@gmail.com','L'),('USR5','Supianur','Malang','supianur@gmail.com','L'),('USR6','Frans','Malang','frans@gmail.com','L'),('USR7','Teo','Malang','teo@gmail.com','L'),('USR8','Bagus','Malang','bagus@gmail.com','L'),('USR9','Aldino','Malang','aldino@gmail.com','L');
/*!40000 ALTER TABLE `USER` ENABLE KEYS */;
UNLOCK TABLES;
/*!40103 SET TIME_ZONE=@OLD_TIME_ZONE */;

/*!40101 SET SQL_MODE=@OLD_SQL_MODE */;
/*!40014 SET FOREIGN_KEY_CHECKS=@OLD_FOREIGN_KEY_CHECKS */;
/*!40014 SET UNIQUE_CHECKS=@OLD_UNIQUE_CHECKS */;
/*!40101 SET CHARACTER_SET_CLIENT=@OLD_CHARACTER_SET_CLIENT */;
/*!40101 SET CHARACTER_SET_RESULTS=@OLD_CHARACTER_SET_RESULTS */;
/*!40101 SET COLLATION_CONNECTION=@OLD_COLLATION_CONNECTION */;
/*!40111 SET SQL_NOTES=@OLD_SQL_NOTES */;

-- Dump completed on 2018-12-27 23:17:35
