<?xml version="1.0" encoding="UTF-8"?>
<project-private xmlns="http://www.netbeans.org/ns/project-private/1">
    <editor-bookmarks xmlns="http://www.netbeans.org/ns/editor-bookmarks/2" lastBookmarkId="0"/>
    <open-files xmlns="http://www.netbeans.org/ns/projectui-open-files/2">
        <group>
            <file>file:/F:/Data/Kuliah/Semester%202/progdas%201/project%20netbeans/reponsi3/src/reponsi3/NewClass.java</file>
            <file>file:/F:/Data/Kuliah/Semester%202/progdas%201/project%20netbeans/reponsi3/src/reponsi3/Reponsi3.java</file>
        </group>
    </open-files>
</project-private>
